round,test_accuracy,train_loss,uplink_bytes,learning_rate,usage_stab,usage_used,usage_topk,usage_interp0,usage_interp1,usage_interp2,usage_interp3,usage_orth0,usage_seed0,usage_seed1,entropy,tau,top1_slot,top1_label,orth_active,mut_active
0,0.1748,1.0419,446958480,0.010000,0,2,2,0,1,1,2,0,1,1,1.8867,1.8421,1,used,1,0
1,0.1704,1.4409,446958480,0.009980,0,0,4,0,0,0,0,4,0,2,1.0549,1.8421,2,topk,1,1
2,0.2204,0.9693,446958480,0.009960,4,1,0,0,2,0,1,2,0,0,1.4708,1.8421,0,stab,1,1
3,0.2147,1.1694,446958480,0.009940,0,2,0,2,0,0,6,0,0,0,0.9503,1.8421,6,interp3,1,1
4,0.2002,1.3811,446958480,0.009920,0,0,0,0,9,0,0,0,0,1,0.3251,1.8421,4,interp1,1,1
5,0.1001,1.2234,446958480,0.009900,0,0,0,0,0,0,9,0,0,1,0.3251,1.8421,6,interp3,1,1
6,0.1573,1.2827,446958480,0.009881,0,0,7,0,0,0,1,0,0,2,0.8018,1.8421,2,topk,1,1
7,0.2338,1.0689,446958480,0.009861,0,0,2,3,0,0,5,0,0,0,1.0297,1.8421,6,interp3,1,1
8,0.2487,0.8670,446958480,0.009841,6,0,0,3,0,0,0,1,0,0,0.8979,1.8421,0,stab,1,1
9,0.2024,0.7354,446958480,0.009821,5,0,2,0,1,0,0,1,0,1,1.3592,1.8421,0,stab,1,1
10,0.2607,0.8734,446958480,0.009802,8,0,0,0,2,0,0,0,0,0,0.5004,1.8421,0,stab,1,1
11,0.2451,1.0564,446958480,0.009782,7,0,3,0,0,0,0,0,0,0,0.6109,1.8421,0,stab,1,1
12,0.1852,0.7001,446958480,0.009763,2,0,1,0,2,0,5,0,0,0,1.2206,1.8421,6,interp3,1,1
13,0.2213,0.9319,446958480,0.009743,2,1,1,0,0,4,2,0,0,0,1.4708,1.8421,5,interp2,1,1
14,0.2360,0.9639,446958480,0.009724,0,8,0,0,1,1,0,0,0,0,0.6390,1.8421,1,used,1,1
15,0.2202,0.9486,446958480,0.009704,0,0,0,0,0,2,0,7,0,1,0.8018,1.8421,7,orth0,1,1
16,0.2058,0.9636,446958480,0.009685,1,0,3,0,0,5,0,0,1,0,1.1683,1.8421,5,interp2,1,1
17,0.3109,1.0488,446958480,0.009665,2,8,0,0,0,0,0,0,0,0,0.5004,1.8421,1,used,1,1
18,0.2260,2.4714,446958480,0.009646,0,0,7,0,0,0,0,1,1,1,0.9404,1.8421,2,topk,1,1
19,0.3017,1.1788,446958480,0.009627,1,0,0,0,0,8,1,0,0,0,0.6390,1.8421,5,interp2,1,1
20,0.3195,0.7561,446958480,0.009608,6,0,3,0,0,0,0,0,1,0,0.8979,1.8421,0,stab,1,1
21,0.3399,0.8203,446958480,0.009588,2,1,5,0,0,2,0,0,0,0,1.2206,1.8421,2,topk,1,1
22,0.2207,0.8236,446958480,0.009569,4,1,0,1,0,0,1,0,3,0,1.4185,1.8421,0,stab,1,1
23,0.3065,0.5994,446958480,0.009550,0,4,5,0,0,0,0,0,1,0,0.9433,1.8421,2,topk,1,1
24,0.2354,0.9376,446958480,0.009531,1,1,0,1,3,0,0,4,0,0,1.4185,1.8421,7,orth0,1,1
25,0.3608,0.7984,446958480,0.009512,0,0,0,9,0,0,0,0,0,1,0.3251,1.8421,3,interp0,1,1
26,0.2810,0.7430,446958480,0.009493,2,0,2,4,0,0,0,0,1,1,1.4708,1.8421,3,interp0,1,1
27,0.3531,0.9903,446958480,0.009474,1,1,0,4,0,0,3,0,0,1,1.4185,1.8421,3,interp0,1,1
28,0.3611,0.9142,446958480,0.009455,2,5,2,0,0,0,1,0,0,0,1.2206,1.8421,1,used,1,1
29,0.4048,0.8518,446958480,0.009436,1,1,1,2,1,2,0,0,1,1,2.0253,1.8421,3,interp0,1,0
30,0.2972,0.6357,446958480,0.009417,2,5,0,1,0,1,1,0,0,0,1.3592,1.8421,1,used,1,1
31,0.3118,0.8272,446958480,0.009398,0,0,6,1,0,1,0,0,0,2,1.0889,1.8421,2,topk,1,1
32,0.4091,0.5276,446958480,0.009379,0,3,1,1,1,0,1,2,1,0,1.8344,1.8421,1,used,1,1
33,0.3740,0.5157,446958480,0.009361,3,1,3,0,0,0,0,3,0,0,1.3138,1.8421,0,stab,1,1
34,0.3269,0.7727,446958480,0.009342,2,1,0,1,0,1,5,0,0,0,1.3592,1.8421,6,interp3,1,1
35,0.2563,0.8446,446958480,0.009323,0,7,0,1,2,0,0,0,0,0,0.8018,1.8421,1,used,1,1
36,0.2220,0.9799,446958480,0.009305,3,5,1,0,0,0,0,1,0,0,1.1683,1.8421,1,used,1,1
37,0.3094,0.5694,446958480,0.009286,3,3,0,0,0,1,3,0,0,0,1.3138,1.8421,0,stab,1,1
38,0.4371,0.8630,446958480,0.009267,1,3,0,6,0,0,0,0,0,0,0.8979,1.8421,3,interp0,1,1
39,0.2664,0.7143,446958480,0.009249,0,0,0,4,0,2,1,0,3,0,1.2799,1.8421,3,interp0,1,1
40,0.3414,0.7141,446958480,0.009230,1,1,4,2,0,2,0,0,0,0,1.4708,1.8421,2,topk,1,1
41,0.3247,0.6305,446958480,0.009212,1,3,0,1,5,0,0,0,0,0,1.1683,1.8421,4,interp1,1,1
42,0.3413,0.7454,446958480,0.009194,0,5,2,1,0,1,0,1,0,0,1.3592,1.8421,1,used,1,1
43,0.4065,0.9993,446958480,0.009175,0,2,0,0,1,0,3,2,1,1,1.6957,1.8421,6,interp3,1,1
44,0.3276,0.6438,446958480,0.009157,0,1,5,1,0,2,0,1,0,0,1.3592,1.8421,2,topk,1,1
45,0.3164,0.6520,446958480,0.009138,0,3,0,1,1,0,0,0,4,1,1.4185,1.8421,8,seed0,1,1
46,0.3939,0.7631,446958480,0.009120,1,2,0,3,0,4,0,0,0,0,1.2799,1.8421,5,interp2,1,1
47,0.3687,0.7780,446958480,0.009102,0,1,3,1,1,1,0,0,0,3,1.6434,1.8421,2,topk,1,1
48,0.4535,0.6648,446958480,0.009084,0,3,1,1,1,1,3,0,0,0,1.6434,1.8421,1,used,1,1
49,0.3546,0.6405,446958480,0.009066,1,6,1,0,1,1,0,0,0,0,1.2275,1.8421,1,used,1,1
50,0.3765,0.7672,446958480,0.009047,1,0,0,3,0,1,3,1,0,1,1.6434,1.8421,3,interp0,1,1
51,0.4213,0.8318,446958480,0.009029,1,2,0,1,0,1,0,2,1,2,1.8867,1.8421,1,used,1,0
52,0.3612,0.9305,446958480,0.009011,1,3,1,2,1,0,1,1,0,0,1.8344,1.8421,1,used,1,1
53,0.3198,0.8136,446958480,0.008993,0,1,0,1,3,2,0,2,1,0,1.6957,1.8421,4,interp1,1,1
54,0.3017,0.8944,446958480,0.008975,0,1,0,1,1,3,0,1,1,2,1.8344,1.8421,5,interp2,1,1
55,0.4998,0.6460,446958480,0.008957,0,4,0,2,0,0,0,3,0,1,1.2799,1.8421,1,used,1,1
56,0.4268,0.4792,446958480,0.008939,0,1,2,0,0,1,5,0,1,0,1.3592,1.8421,6,interp3,1,1
57,0.4390,1.1424,446958480,0.008922,1,1,0,2,2,0,2,1,1,0,1.8867,1.8421,3,interp0,1,0
58,0.4229,0.7472,446958480,0.008904,1,0,0,1,3,1,1,1,2,0,1.8344,1.8421,4,interp1,1,1
59,0.4785,0.5357,446958480,0.008886,0,3,1,0,2,0,2,0,1,1,1.6957,1.8421,1,used,1,1
60,0.5108,0.4955,446958480,0.008868,0,0,0,3,0,1,0,2,2,2,1.5571,1.8421,3,interp0,1,1
61,0.4828,0.8797,446958480,0.008850,0,0,0,2,3,2,0,3,0,0,1.3662,1.8421,4,interp1,1,1
62,0.5151,0.5091,446958480,0.008833,1,0,1,0,2,4,0,2,0,0,1.4708,1.8421,5,interp2,1,1
63,0.4944,0.6741,446958480,0.008815,0,0,0,3,0,0,0,2,2,3,1.3662,1.8421,3,interp0,1,1
64,0.4910,0.5307,446958480,0.008797,1,0,0,0,3,1,1,0,3,1,1.6434,1.8421,4,interp1,1,1
65,0.4338,0.5961,446958480,0.008780,0,2,0,1,0,0,2,1,1,3,1.6957,1.8421,9,seed1,1,1
66,0.3871,0.4975,446958480,0.008762,1,3,0,0,1,2,0,1,1,1,1.8344,1.8421,1,used,1,1
67,0.4602,0.5208,446958480,0.008745,1,1,0,0,1,0,1,6,0,0,1.2275,1.8421,7,orth0,1,1
68,0.3903,0.6272,446958480,0.008727,0,4,0,2,0,2,0,0,1,1,1.4708,1.8421,1,used,1,1
69,0.4628,0.8234,446958480,0.008710,1,0,1,0,2,0,2,2,1,1,1.8867,1.8421,4,interp1,1,0
70,0.4113,0.7745,446958480,0.008692,0,2,0,1,1,1,1,1,1,2,2.0253,1.8421,1,used,1,0
71,0.3577,0.7609,446958480,0.008675,0,0,1,1,3,3,1,0,1,0,1.6434,1.8421,4,interp1,1,1
72,0.4552,0.7179,446958480,0.008658,0,0,0,2,3,2,1,1,1,0,1.6957,1.8421,4,interp1,1,1
73,0.5147,0.7983,446958480,0.008640,0,0,0,2,1,1,5,1,0,0,1.3592,1.8421,6,interp3,1,1
74,0.2843,0.8562,446958480,0.008623,0,0,0,0,0,2,0,4,1,3,1.2799,1.8421,7,orth0,1,1
75,0.5848,0.5575,446958480,0.008606,0,0,0,5,0,1,3,1,0,0,1.1683,1.8421,3,interp0,1,1
76,0.3094,0.7752,446958480,0.008589,0,0,1,0,3,0,0,1,2,3,1.5048,1.8421,4,interp1,1,1
77,0.5690,0.9262,446958480,0.008571,0,0,1,2,1,3,0,1,2,0,1.6957,1.8421,5,interp2,1,1
78,0.5923,0.5555,446958480,0.008554,2,1,2,0,1,0,2,1,0,1,1.8867,1.8421,0,stab,1,0
79,0.5344,0.5098,446958480,0.008537,0,0,0,1,1,4,2,1,0,1,1.6094,1.8421,5,interp2,1,1
80,0.5562,0.6280,446958480,0.008520,0,0,3,1,0,3,2,0,1,0,1.5048,1.8421,2,topk,1,1
81,0.5111,0.4638,446958480,0.008503,0,1,1,0,0,1,2,1,3,1,1.8344,1.8421,8,seed0,1,1
82,0.5378,0.5343,446958480,0.008486,0,0,1,2,3,0,1,1,1,1,1.8344,1.8421,4,interp1,1,1
83,0.4846,0.8183,446958480,0.008469,0,1,0,0,1,2,1,0,4,1,1.6094,1.8421,8,seed0,1,1
84,0.5671,0.5021,446958480,0.008452,0,0,0,2,1,2,3,0,1,1,1.6957,1.8421,6,interp3,1,1
85,0.5840,0.4523,446958480,0.008435,0,1,1,2,0,0,3,1,2,0,1.6957,1.8421,6,interp3,1,1
86,0.5187,0.5005,446958480,0.008418,0,0,0,0,0,2,3,2,0,3,1.3662,1.8421,6,interp3,1,1
87,0.4821,0.7250,446958480,0.008402,0,0,0,1,2,1,0,2,4,0,1.4708,1.8421,8,seed0,1,1
88,0.4702,0.6479,446958480,0.008385,0,0,0,5,1,0,0,0,1,3,1.1683,1.8421,3,interp0,1,1
89,0.5960,0.5558,446958480,0.008368,0,2,0,2,1,0,0,2,0,3,1.5571,1.8421,9,seed1,1,1
90,0.5061,0.6822,446958480,0.008351,0,0,0,0,1,4,4,0,0,1,1.1935,1.8421,5,interp2,1,1
91,0.5218,0.7386,446958480,0.008334,1,0,0,0,0,3,3,0,2,1,1.5048,1.8421,5,interp2,1,1
92,0.5321,0.5803,446958480,0.008318,0,1,0,1,1,0,1,2,0,4,1.6094,1.8421,9,seed1,1,1
93,0.5578,0.6933,446958480,0.008301,0,0,1,1,0,2,1,0,4,1,1.6094,1.8421,8,seed0,1,1
94,0.4037,0.4679,446958480,0.008285,0,2,0,1,0,3,0,1,3,0,1.5048,1.8421,5,interp2,1,1
95,0.3582,1.7251,446958480,0.008268,0,0,0,0,1,2,1,0,2,4,1.4708,1.8421,9,seed1,1,1
96,0.5059,0.5802,446958480,0.008251,0,1,0,1,3,0,2,1,1,1,1.8344,1.8421,4,interp1,1,1
97,0.5008,0.7684,446958480,0.008235,1,0,0,3,0,1,3,0,1,1,1.6434,1.8421,3,interp0,1,1
98,0.6072,1.0252,446958480,0.008219,0,1,0,0,2,0,1,4,0,2,1.4708,1.8421,7,orth0,1,1
99,0.6115,0.4514,446958480,0.008202,0,0,0,1,0,3,2,1,3,0,1.5048,1.8421,5,interp2,1,1
100,0.5121,0.9435,446958480,0.008186,0,2,0,2,0,0,0,1,2,3,1.5571,1.8421,9,seed1,1,1
101,0.5821,0.4740,446958480,0.008169,0,0,0,0,0,3,1,0,2,4,1.2799,1.8421,9,seed1,1,1
102,0.4846,0.6026,446958480,0.008153,0,0,1,1,0,0,1,2,2,3,1.6957,1.8421,9,seed1,1,1
103,0.5245,0.4995,446958480,0.008137,0,0,0,2,2,1,1,2,2,0,1.7481,1.8421,3,interp0,1,1
104,0.4763,0.5707,446958480,0.008120,0,0,0,0,2,0,4,1,2,1,1.4708,1.8421,6,interp3,1,1
105,0.5341,0.7148,446958480,0.008104,0,0,0,5,0,3,0,0,1,1,1.1683,1.8421,3,interp0,1,1
106,0.5205,0.4422,446958480,0.008088,0,0,1,1,0,2,3,0,1,2,1.6957,1.8421,6,interp3,1,1
107,0.6032,0.4180,446958480,0.008072,0,1,0,0,2,3,3,0,1,0,1.5048,1.8421,5,interp2,1,1
108,0.6132,0.4737,446958480,0.008056,0,0,0,0,1,0,1,3,4,1,1.4185,1.8421,8,seed0,1,1
109,0.6040,0.4294,446958480,0.008039,0,0,1,1,0,0,0,3,3,2,1.5048,1.8421,7,orth0,1,1
110,0.5660,0.4900,446958480,0.008023,0,3,0,1,0,1,0,1,1,3,1.6434,1.8421,1,used,1,1
111,0.6017,0.6117,446958480,0.008007,0,0,0,2,2,1,1,1,0,3,1.6957,1.8421,9,seed1,1,1
112,0.6022,0.5106,446958480,0.007991,1,0,1,2,0,0,3,0,2,1,1.6957,1.8421,6,interp3,1,1
113,0.5456,0.5390,446958480,0.007975,0,0,1,3,0,1,0,2,1,2,1.6957,1.8421,3,interp0,1,1
114,0.6088,0.7364,446958480,0.007959,0,2,0,0,1,0,1,3,2,1,1.6957,1.8421,7,orth0,1,1
115,0.5916,0.5217,446958480,0.007944,0,0,0,1,2,3,1,0,1,2,1.6957,1.8421,5,interp2,1,1
116,0.4429,0.3496,446958480,0.007928,0,0,0,3,3,0,1,0,2,1,1.5048,1.8421,3,interp0,1,1
117,0.5463,1.0969,446958480,0.007912,0,0,0,4,1,2,0,0,2,1,1.4708,1.8421,3,interp0,1,1
118,0.6074,0.7951,446958480,0.007896,1,1,1,2,0,0,0,1,4,0,1.6094,1.8421,8,seed0,1,1
119,0.3792,0.6026,446958480,0.007880,0,0,1,2,4,0,1,1,0,1,1.6094,1.8421,4,interp1,1,1
120,0.5244,0.4272,446958480,0.007864,0,0,0,1,0,0,3,2,4,0,1.2799,1.8421,8,seed0,1,1
121,0.6167,0.6279,446958480,0.007849,0,0,0,0,4,2,1,0,3,0,1.2799,1.8421,4,interp1,1,1
122,0.5354,1.1360,446958480,0.007833,0,0,0,1,0,0,0,0,6,3,0.8979,1.8421,8,seed0,1,1
123,0.5799,0.5317,446958480,0.007817,0,0,0,0,0,1,0,3,2,4,1.2799,1.8421,9,seed1,1,1
124,0.4579,0.7444,446958480,0.007802,0,3,0,2,0,0,1,0,1,3,1.5048,1.8421,1,used,1,1
125,0.4452,0.6814,446958480,0.007786,0,0,0,2,0,1,1,1,1,4,1.6094,1.8421,9,seed1,1,1
126,0.4742,0.6331,446958480,0.007770,0,0,0,1,1,1,2,0,4,1,1.6094,1.8421,8,seed0,1,1
127,0.6252,0.5761,446958480,0.007755,0,0,1,4,1,2,1,0,0,1,1.6094,1.8421,3,interp0,1,1
128,0.6611,0.4920,446958480,0.007739,0,0,0,1,1,2,4,0,2,0,1.4708,1.8421,6,interp3,1,1
129,0.5762,0.3873,446958480,0.007724,0,0,0,1,3,1,0,0,2,3,1.5048,1.8421,4,interp1,1,1
130,0.5130,0.6505,446958480,0.007709,0,0,0,2,2,0,1,3,1,1,1.6957,1.8421,7,orth0,1,1
131,0.5293,0.7070,446958480,0.007693,0,0,2,0,0,0,1,2,2,3,1.5571,1.8421,9,seed1,1,1
132,0.6538,0.5779,446958480,0.007678,1,0,0,1,1,1,3,1,2,0,1.8344,1.8421,6,interp3,1,1
133,0.5188,0.4134,446958480,0.007662,0,2,0,0,3,3,0,1,0,1,1.5048,1.8421,4,interp1,1,1
134,0.5568,0.4967,446958480,0.007647,0,0,0,3,1,1,2,2,1,0,1.6957,1.8421,3,interp0,1,1
135,0.6574,0.4223,446958480,0.007632,0,0,0,0,2,3,2,1,0,2,1.5571,1.8421,5,interp2,1,1
136,0.6137,0.3039,446958480,0.007616,0,1,0,0,1,1,0,3,4,0,1.4185,1.8421,8,seed0,1,1
137,0.5810,0.6805,446958480,0.007601,0,0,0,3,0,0,0,1,4,2,1.2799,1.8421,8,seed0,1,1
138,0.6689,0.4839,446958480,0.007586,0,1,0,0,3,3,0,3,0,0,1.3138,1.8421,4,interp1,1,1
139,0.6872,0.4795,446958480,0.007571,0,1,0,0,0,0,0,3,2,4,1.2799,1.8421,9,seed1,1,1
140,0.5741,0.4128,446958480,0.007556,0,0,0,0,1,0,3,1,1,4,1.4185,1.8421,9,seed1,1,1
141,0.5996,0.2145,446958480,0.007541,0,0,3,4,0,1,0,2,0,0,1.2799,1.8421,3,interp0,1,1
142,0.6847,0.3213,446958480,0.007526,0,0,0,2,1,0,2,4,0,1,1.4708,1.8421,7,orth0,1,1
143,0.6028,0.2515,446958480,0.007510,0,0,0,0,5,1,1,0,2,1,1.3592,1.8421,4,interp1,1,1
144,0.6854,0.4369,446958480,0.007495,0,1,0,0,0,1,6,0,1,1,1.2275,1.8421,6,interp3,1,1
145,0.6586,0.4009,446958480,0.007480,0,0,2,1,0,1,0,2,4,0,1.4708,1.8421,8,seed0,1,1
146,0.6909,0.6806,446958480,0.007466,0,0,0,0,1,0,3,2,3,1,1.5048,1.8421,6,interp3,1,1
147,0.5575,0.3719,446958480,0.007451,0,0,0,4,0,1,3,0,2,0,1.2799,1.8421,3,interp0,1,1
148,0.5861,0.5754,446958480,0.007436,0,1,0,0,1,1,1,1,1,4,1.7481,1.8421,9,seed1,1,1
149,0.6834,0.8320,446958480,0.007421,0,0,1,3,3,0,1,1,0,1,1.6434,1.8421,3,interp0,1,1
150,0.6514,0.5936,446958480,0.007406,0,0,0,1,3,4,0,1,0,1,1.4185,1.8421,5,interp2,1,1
151,0.6463,0.3808,446958480,0.007391,0,0,0,2,5,0,1,1,0,1,1.3592,1.8421,4,interp1,1,1
152,0.6174,0.2929,446958480,0.007376,0,0,1,1,1,1,1,2,2,1,2.0253,1.8421,7,orth0,1,0
153,0.6079,0.6441,446958480,0.007362,0,3,0,0,2,0,0,2,2,1,1.5571,1.8421,1,used,1,1
154,0.6000,0.3157,446958480,0.007347,0,0,0,2,0,3,1,1,2,1,1.6957,1.8421,5,interp2,1,1
155,0.7211,0.4791,446958480,0.007332,0,1,5,1,0,1,0,0,2,0,1.3592,1.8421,2,topk,1,1
156,0.6877,0.3393,446958480,0.007318,0,1,0,3,1,0,0,0,4,1,1.4185,1.8421,8,seed0,1,1
157,0.5757,0.3577,446958480,0.007303,0,0,0,0,2,0,3,0,3,2,1.3662,1.8421,6,interp3,1,1
158,0.7362,0.2800,446958480,0.007288,0,0,0,4,0,4,1,0,1,0,1.1935,1.8421,3,interp0,1,1
159,0.6414,0.4874,446958480,0.007274,0,0,0,1,3,0,1,3,0,2,1.5048,1.8421,4,interp1,1,1
160,0.5620,0.3556,446958480,0.007259,0,0,0,1,2,3,0,1,2,1,1.6957,1.8421,5,interp2,1,1
161,0.6459,0.2855,446958480,0.007245,0,0,0,1,2,0,2,1,1,3,1.6957,1.8421,9,seed1,1,1
162,0.5545,0.4652,446958480,0.007230,0,1,0,1,0,2,0,1,4,1,1.6094,1.8421,8,seed0,1,1
163,0.5079,0.6597,446958480,0.007216,0,3,1,1,0,1,1,0,1,2,1.8344,1.8421,1,used,1,1
164,0.6140,0.7334,446958480,0.007201,0,0,4,2,1,0,0,0,3,0,1.2799,1.8421,2,topk,1,1
165,0.5404,0.3745,446958480,0.007187,0,0,0,3,1,1,0,0,2,3,1.5048,1.8421,3,interp0,1,1
166,0.4992,0.4106,446958480,0.007172,1,0,0,0,3,2,2,0,2,0,1.5571,1.8421,4,interp1,1,1
167,0.7233,0.4935,446958480,0.007158,0,0,0,2,2,3,0,1,0,2,1.5571,1.8421,5,interp2,1,1
168,0.6933,0.9851,446958480,0.007144,0,0,1,3,2,1,0,0,0,3,1.5048,1.8421,3,interp0,1,1
169,0.6755,0.4654,446958480,0.007130,0,2,0,0,0,2,2,1,3,0,1.5571,1.8421,8,seed0,1,1
170,0.6565,0.2733,446958480,0.007115,0,0,0,3,0,2,3,0,2,0,1.3662,1.8421,3,interp0,1,1
171,0.5034,0.4038,446958480,0.007101,0,0,0,0,0,2,4,1,1,2,1.4708,1.8421,6,interp3,1,1
172,0.6656,0.3441,446958480,0.007087,0,4,0,0,1,0,0,0,1,4,1.1935,1.8421,1,used,1,1
173,0.7128,0.4664,446958480,0.007073,0,1,0,0,2,0,4,1,2,0,1.4708,1.8421,6,interp3,1,1
174,0.7091,0.4514,446958480,0.007059,0,0,1,5,0,1,1,0,1,1,1.4979,1.8421,3,interp0,1,1
175,0.7180,0.3854,446958480,0.007044,0,1,0,2,3,1,0,0,2,1,1.6957,1.8421,4,interp1,1,1
176,0.5677,0.3674,446958480,0.007030,0,0,0,4,1,2,1,2,0,0,1.4708,1.8421,3,interp0,1,1
177,0.7333,0.8234,446958480,0.007016,0,0,2,1,0,2,2,0,3,0,1.5571,1.8421,8,seed0,1,1
178,0.6415,0.4335,446958480,0.007002,0,0,2,0,1,0,2,2,0,3,1.5571,1.8421,9,seed1,1,1
179,0.6960,0.5661,446958480,0.006988,2,0,3,1,0,2,0,0,2,0,1.5571,1.8421,2,topk,1,1
180,0.5987,0.3817,446958480,0.006974,0,2,0,0,2,4,0,1,1,0,1.4708,1.8421,5,interp2,1,1
181,0.5856,0.3935,446958480,0.006960,0,0,0,2,0,0,2,0,5,1,1.2206,1.8421,8,seed0,1,1
182,0.6914,0.5599,446958480,0.006946,0,0,0,2,0,1,1,2,3,1,1.6957,1.8421,8,seed0,1,1
183,0.6783,0.3243,446958480,0.006932,0,1,2,1,2,1,1,1,1,0,2.0253,1.8421,2,topk,1,0
184,0.6269,0.5153,446958480,0.006919,0,0,1,1,3,1,1,0,0,3,1.6434,1.8421,4,interp1,1,1
185,0.6397,0.3236,446958480,0.006905,0,0,0,4,0,3,0,0,3,0,1.0889,1.8421,3,interp0,1,1
186,0.6028,0.3660,446958480,0.006891,0,0,0,1,0,3,0,1,1,4,1.4185,1.8421,9,seed1,1,1
187,0.6428,0.3236,446958480,0.006877,0,0,0,0,4,0,0,2,1,3,1.2799,1.8421,4,interp1,1,1
188,0.6537,0.2728,446958480,0.006863,0,2,0,1,2,1,3,0,0,1,1.6957,1.8421,6,interp3,1,1
189,0.5907,0.4516,446958480,0.006850,1,3,0,1,0,0,0,0,3,2,1.5048,1.8421,1,used,1,1
190,0.6798,0.2706,446958480,0.006836,1,0,0,3,1,0,1,1,1,2,1.8344,1.8421,3,interp0,1,1
191,0.7239,0.2849,446958480,0.006822,0,1,0,0,0,2,3,2,0,2,1.5571,1.8421,6,interp3,1,1
192,0.5936,0.5040,446958480,0.006809,0,2,0,1,2,0,0,2,0,3,1.5571,1.8421,9,seed1,1,1
193,0.7159,0.7467,446958480,0.006795,0,1,0,2,1,0,1,0,5,0,1.3592,1.8421,8,seed0,1,1
194,0.6357,0.5679,446958480,0.006781,0,0,0,0,1,3,3,0,3,0,1.3138,1.8421,5,interp2,1,1
195,0.6399,0.4904,446958480,0.006768,0,2,0,3,0,0,0,2,2,1,1.5571,1.8421,3,interp0,1,1
196,0.7287,0.3343,446958480,0.006754,0,0,2,3,1,1,0,1,2,0,1.6957,1.8421,3,interp0,1,1
197,0.7233,0.3083,446958480,0.006741,0,1,0,0,2,0,2,2,2,1,1.7481,1.8421,4,interp1,1,1
198,0.6962,0.2912,446958480,0.006727,0,1,0,2,3,0,0,0,3,1,1.5048,1.8421,4,interp1,1,1
199,0.7345,0.4143,446958480,0.006714,0,2,0,1,1,0,2,1,2,1,1.8867,1.8421,1,used,1,0
200,0.7209,0.4205,446958480,0.006701,0,0,0,0,2,1,5,0,2,0,1.2206,1.8421,6,interp3,1,1
201,0.7285,0.2669,446958480,0.006687,0,0,0,4,2,0,2,0,2,0,1.3322,1.8421,3,interp0,1,1
202,0.6911,0.2728,446958480,0.006674,0,0,0,1,3,1,3,0,1,1,1.6434,1.8421,4,interp1,1,1
203,0.7117,0.5060,446958480,0.006660,0,0,1,0,2,2,2,1,0,2,1.7481,1.8421,4,interp1,1,1
204,0.7216,0.2291,446958480,0.006647,0,0,0,3,1,0,5,1,0,0,1.1683,1.8421,6,interp3,1,1
205,0.6252,0.3886,446958480,0.006634,0,0,0,1,0,0,2,1,4,2,1.4708,1.8421,8,seed0,1,1
206,0.6430,0.4557,446958480,0.006621,0,0,0,1,3,3,1,1,0,1,1.6434,1.8421,4,interp1,1,1
207,0.6235,0.5292,446958480,0.006607,0,1,0,0,0,1,0,1,5,2,1.3592,1.8421,8,seed0,1,1
208,0.7010,0.3588,446958480,0.006594,0,1,3,1,1,1,1,0,0,2,1.8344,1.8421,2,topk,1,1
209,0.7153,0.4516,446958480,0.006581,0,0,2,3,3,2,0,0,0,0,1.3662,1.8421,3,interp0,1,1
210,0.5947,0.2806,446958480,0.006568,0,0,0,1,3,0,2,0,2,2,1.5571,1.8421,4,interp1,1,1
211,0.6076,0.3164,446958480,0.006555,0,3,0,0,0,0,1,0,2,4,1.2799,1.8421,9,seed1,1,1
212,0.6517,0.4215,446958480,0.006541,0,0,0,0,1,4,0,2,3,0,1.2799,1.8421,5,interp2,1,1
213,0.7172,0.4027,446958480,0.006528,0,0,0,0,2,1,0,2,4,1,1.4708,1.8421,8,seed0,1,1
214,0.7123,0.3916,446958480,0.006515,0,0,0,3,0,1,0,0,4,2,1.2799,1.8421,8,seed0,1,1
215,0.7436,0.4498,446958480,0.006502,0,0,0,0,2,2,1,1,2,2,1.7481,1.8421,4,interp1,1,1
216,0.7562,0.3099,446958480,0.006489,0,1,0,2,0,3,2,2,0,0,1.5571,1.8421,5,interp2,1,1
217,0.7529,0.3088,446958480,0.006476,1,0,0,3,2,1,1,0,1,1,1.8344,1.8421,3,interp0,1,1
218,0.7563,0.2244,446958480,0.006463,0,3,1,0,0,1,1,1,3,0,1.6434,1.8421,1,used,1,1
219,0.7018,0.2696,446958480,0.006450,0,0,2,1,0,1,2,1,1,2,1.8867,1.8421,2,topk,1,0
220,0.6986,0.2630,446958480,0.006438,0,2,0,3,0,0,2,0,1,2,1.5571,1.8421,3,interp0,1,1
221,0.6691,0.3935,446958480,0.006425,0,1,2,0,0,2,5,0,0,0,1.2206,1.8421,6,interp3,1,1
222,0.6611,0.3124,446958480,0.006412,0,0,0,2,2,1,2,1,1,1,1.8867,1.8421,3,interp0,1,0
223,0.7162,0.4575,446958480,0.006399,0,0,0,0,4,1,1,0,4,0,1.1935,1.8421,4,interp1,1,1
224,0.7041,0.3489,446958480,0.006386,0,0,0,1,3,0,0,1,3,2,1.5048,1.8421,4,interp1,1,1
225,0.6863,0.1833,446958480,0.006373,0,1,0,0,2,1,3,1,1,1,1.8344,1.8421,6,interp3,1,1
226,0.5871,0.4349,446958480,0.006361,0,0,2,0,0,1,2,0,3,2,1.5571,1.8421,8,seed0,1,1
227,0.6539,0.2463,446958480,0.006348,0,0,1,3,1,0,1,3,1,0,1.6434,1.8421,3,interp0,1,1
228,0.7121,0.2325,446958480,0.006335,0,0,0,2,2,2,1,1,0,2,1.7481,1.8421,3,interp0,1,1
229,0.6639,0.2291,446958480,0.006323,0,0,0,2,0,0,3,0,1,4,1.2799,1.8421,9,seed1,1,1
230,0.7129,0.2057,446958480,0.006310,0,1,0,4,1,0,0,0,2,2,1.4708,1.8421,3,interp0,1,1
231,0.7311,0.3914,446958480,0.006297,0,0,0,2,0,2,2,0,1,3,1.5571,1.8421,9,seed1,1,1
232,0.7237,0.3098,446958480,0.006285,0,0,0,2,0,2,4,0,1,1,1.4708,1.8421,6,interp3,1,1
233,0.7210,0.2175,446958480,0.006272,0,0,0,2,2,4,0,0,2,0,1.3322,1.8421,5,interp2,1,1
234,0.7440,0.2749,446958480,0.006260,0,0,0,2,0,0,3,2,2,1,1.5571,1.8421,6,interp3,1,1
235,0.6659,0.2552,446958480,0.006247,0,3,0,0,0,3,2,0,0,2,1.3662,1.8421,1,used,1,1
236,0.7133,0.2477,446958480,0.006235,0,1,1,1,3,0,0,3,0,1,1.6434,1.8421,4,interp1,1,1
237,0.6304,0.3675,446958480,0.006222,0,1,0,0,0,4,3,1,0,1,1.4185,1.8421,5,interp2,1,1
238,0.5982,0.3140,446958480,0.006210,0,1,1,0,3,0,0,3,0,2,1.5048,1.8421,4,interp1,1,1
239,0.6800,0.2975,446958480,0.006197,0,0,0,2,0,1,1,1,5,0,1.3592,1.8421,8,seed0,1,1
240,0.6624,0.3756,446958480,0.006185,0,0,0,2,1,0,4,0,1,2,1.4708,1.8421,6,interp3,1,1
241,0.6921,0.4054,446958480,0.006172,0,3,0,2,0,1,1,1,0,2,1.6957,1.8421,1,used,1,1
242,0.7543,0.2746,446958480,0.006160,0,0,0,3,0,1,0,2,1,3,1.5048,1.8421,3,interp0,1,1
243,0.6773,0.2913,446958480,0.006148,0,0,1,3,0,0,2,0,1,3,1.5048,1.8421,3,interp0,1,1
244,0.6412,0.3321,446958480,0.006136,0,0,1,0,2,3,1,0,1,2,1.6957,1.8421,5,interp2,1,1
245,0.4971,0.2615,446958480,0.006123,0,1,0,4,1,1,0,0,2,1,1.6094,1.8421,3,interp0,1,1
246,0.6935,0.3357,446958480,0.006111,0,0,2,1,1,2,0,1,0,3,1.6957,1.8421,9,seed1,1,1
247,0.6662,0.4025,446958480,0.006099,0,0,0,2,2,3,0,0,1,2,1.5571,1.8421,5,interp2,1,1
248,0.7185,0.5351,446958480,0.006087,0,0,0,1,4,0,3,0,0,2,1.2799,1.8421,4,interp1,1,1
249,0.6085,0.1948,446958480,0.006074,0,0,0,3,5,0,2,0,0,0,1.0297,1.8421,4,interp1,1,1
250,0.7264,0.5206,446958480,0.006062,0,0,2,1,0,0,1,3,1,2,1.6957,1.8421,7,orth0,1,1
251,0.7377,0.4455,446958480,0.006050,2,0,0,0,0,0,3,0,3,2,1.3662,1.8421,6,interp3,1,1
252,0.7177,0.7812,446958480,0.006038,0,0,0,2,4,0,1,1,1,1,1.6094,1.8421,4,interp1,1,1
253,0.7046,0.3527,446958480,0.006026,0,0,0,2,1,2,2,1,1,1,1.8867,1.8421,3,interp0,1,0
254,0.7182,0.2450,446958480,0.006014,0,0,0,0,3,2,0,1,0,4,1.2799,1.8421,9,seed1,1,1
255,0.7685,0.2848,446958480,0.006002,0,0,0,1,2,4,2,0,0,1,1.4708,1.8421,5,interp2,1,1
256,0.7406,0.1907,446958480,0.005990,0,1,0,0,0,2,2,1,4,0,1.4708,1.8421,8,seed0,1,1
257,0.5351,0.3157,446958480,0.005978,0,0,5,1,0,1,1,0,2,0,1.3592,1.8421,2,topk,1,1
258,0.7344,0.3985,446958480,0.005966,0,3,0,0,0,1,3,0,3,0,1.3138,1.8421,1,used,1,1
259,0.5802,0.4821,446958480,0.005954,0,0,1,2,0,0,1,0,2,4,1.4708,1.8421,9,seed1,1,1
260,0.6914,0.2790,446958480,0.005942,0,1,1,1,2,0,3,1,0,1,1.8344,1.8421,6,interp3,1,1
261,0.7580,0.2812,446958480,0.005930,0,0,0,0,1,3,0,1,2,3,1.5048,1.8421,5,interp2,1,1
262,0.7534,0.1500,446958480,0.005918,0,0,0,4,1,0,0,2,0,3,1.2799,1.8421,3,interp0,1,1
263,0.7621,0.2908,446958480,0.005907,0,4,1,0,0,0,0,1,3,1,1.4185,1.8421,1,used,1,1
264,0.6865,0.2541,446958480,0.005895,0,2,1,3,0,1,0,1,0,2,1.6957,1.8421,3,interp0,1,1
265,0.6086,0.3976,446958480,0.005883,0,2,0,0,2,3,1,1,1,0,1.6957,1.8421,5,interp2,1,1
266,0.7808,0.3387,446958480,0.005871,0,1,0,0,2,5,1,1,0,0,1.3592,1.8421,5,interp2,1,1
267,0.6940,0.2191,446958480,0.005859,0,0,1,0,1,0,0,2,1,5,1.3592,1.8421,9,seed1,1,1
268,0.6870,0.4482,446958480,0.005848,0,0,0,1,1,0,0,0,5,3,1.1683,1.8421,8,seed0,1,1
269,0.6485,0.2559,446958480,0.005836,0,1,1,0,0,0,1,1,1,5,1.4979,1.8421,9,seed1,1,1
270,0.7245,0.3180,446958480,0.005824,0,1,3,2,3,0,0,1,0,0,1.5048,1.8421,2,topk,1,1
271,0.7219,0.1954,446958480,0.005813,0,0,0,1,0,1,3,1,2,2,1.6957,1.8421,6,interp3,1,1
272,0.6612,0.3269,446958480,0.005801,0,0,0,2,0,1,3,2,1,1,1.6957,1.8421,6,interp3,1,1
273,0.7310,0.3620,446958480,0.005789,0,0,1,1,1,3,0,1,1,2,1.8344,1.8421,5,interp2,1,1
274,0.7019,0.4002,446958480,0.005778,0,0,0,2,3,2,0,1,0,2,1.5571,1.8421,4,interp1,1,1
275,0.7784,0.1460,446958480,0.005766,0,0,1,1,3,3,1,0,1,0,1.6434,1.8421,4,interp1,1,1
276,0.7149,0.2254,446958480,0.005755,0,0,2,0,4,1,0,1,0,2,1.4708,1.8421,4,interp1,1,1
277,0.7299,0.3710,446958480,0.005743,0,0,0,2,2,1,4,0,1,0,1.4708,1.8421,6,interp3,1,1
278,0.7166,0.2648,446958480,0.005732,0,0,0,1,3,1,4,0,0,1,1.4185,1.8421,6,interp3,1,1
279,0.6352,0.2807,446958480,0.005720,0,1,0,2,1,1,0,1,0,4,1.6094,1.8421,9,seed1,1,1
280,0.7514,0.2495,446958480,0.005709,0,0,0,1,3,0,0,2,3,1,1.5048,1.8421,4,interp1,1,1
281,0.6764,0.4612,446958480,0.005697,0,1,0,0,0,6,0,0,3,0,0.8979,1.8421,5,interp2,1,1
282,0.7100,0.2034,446958480,0.005686,0,0,0,0,0,1,1,2,2,4,1.4708,1.8421,9,seed1,1,1
283,0.6626,0.4106,446958480,0.005675,0,1,0,0,0,2,1,1,4,1,1.6094,1.8421,8,seed0,1,1
284,0.6334,0.2896,446958480,0.005663,0,0,0,1,1,2,0,1,3,2,1.6957,1.8421,8,seed0,1,1
285,0.7703,0.1908,446958480,0.005652,0,0,0,3,1,3,0,0,1,2,1.5048,1.8421,3,interp0,1,1
286,0.6915,0.4707,446958480,0.005641,0,0,0,1,2,1,3,0,1,2,1.6957,1.8421,6,interp3,1,1
287,0.7011,0.3114,446958480,0.005629,0,1,0,0,0,3,1,0,2,3,1.5048,1.8421,5,interp2,1,1
288,0.8067,0.2411,446958480,0.005618,0,0,0,0,0,2,0,2,3,3,1.3662,1.8421,8,seed0,1,1
289,0.6727,0.4825,446958480,0.005607,0,1,0,2,1,0,2,1,0,3,1.6957,1.8421,9,seed1,1,1
290,0.7434,0.3171,446958480,0.005596,0,0,0,2,2,4,0,0,2,0,1.3322,1.8421,5,interp2,1,1
291,0.6750,0.3351,446958480,0.005585,1,0,0,0,0,0,6,1,0,2,1.0889,1.8421,6,interp3,1,1
292,0.7022,0.2999,446958480,0.005573,0,0,0,0,0,0,1,2,2,5,1.2206,1.8421,9,seed1,1,1
293,0.7051,0.2569,446958480,0.005562,0,0,1,1,0,2,0,0,4,2,1.4708,1.8421,8,seed0,1,1
294,0.7271,0.3805,446958480,0.005551,0,0,0,0,1,0,3,1,3,2,1.5048,1.8421,6,interp3,1,1
295,0.7403,0.1585,446958480,0.005540,0,0,3,0,3,2,1,0,1,0,1.5048,1.8421,2,topk,1,1
296,0.7602,0.1676,446958480,0.005529,0,0,1,1,1,0,5,0,0,2,1.3592,1.8421,6,interp3,1,1
297,0.7242,0.1775,446958480,0.005518,0,0,0,0,2,1,2,0,2,3,1.5571,1.8421,9,seed1,1,1
298,0.7454,0.2223,446958480,0.005507,0,0,0,0,4,2,0,0,3,1,1.2799,1.8421,4,interp1,1,1
299,0.6339,0.3693,446958480,0.005496,0,0,1,2,2,1,1,0,0,3,1.6957,1.8421,9,seed1,1,1
300,0.7622,0.2071,446958480,0.005485,0,2,3,3,0,0,0,2,0,0,1.3662,1.8421,2,topk,1,1
301,0.7613,0.3803,446958480,0.005474,0,0,0,1,3,4,1,1,0,0,1.4185,1.8421,5,interp2,1,1
302,0.5806,0.3798,446958480,0.005463,0,0,0,1,0,5,2,0,0,2,1.2206,1.8421,5,interp2,1,1
303,0.7560,0.3242,446958480,0.005452,0,0,1,0,1,0,2,3,2,1,1.6957,1.8421,7,orth0,1,1
304,0.6249,0.4323,446958480,0.005441,1,0,0,0,0,1,2,0,6,0,1.0889,1.8421,8,seed0,1,1
305,0.7504,0.3728,446958480,0.005430,0,1,0,1,0,0,1,3,3,1,1.6434,1.8421,7,orth0,1,1
306,0.5565,0.3836,446958480,0.005419,0,0,0,3,0,3,2,0,1,1,1.5048,1.8421,3,interp0,1,1
307,0.6452,0.1917,446958480,0.005408,0,0,0,0,1,0,5,0,2,2,1.2206,1.8421,6,interp3,1,1
308,0.7382,0.2843,446958480,0.005398,0,0,0,2,3,0,3,0,2,0,1.3662,1.8421,4,interp1,1,1
309,0.7504,0.2934,446958480,0.005387,0,0,0,0,0,1,3,1,3,2,1.5048,1.8421,6,interp3,1,1
310,0.6839,0.2333,446958480,0.005376,0,0,1,2,2,1,1,0,1,2,1.8867,1.8421,3,interp0,1,0
311,0.7544,0.2618,446958480,0.005365,0,1,0,1,4,2,0,0,2,0,1.4708,1.8421,4,interp1,1,1
312,0.7381,0.4305,446958480,0.005355,0,0,0,1,0,1,3,2,3,0,1.5048,1.8421,6,interp3,1,1
313,0.7744,0.3071,446958480,0.005344,0,0,0,0,2,2,2,1,2,1,1.7481,1.8421,4,interp1,1,1
314,0.7847,0.2031,446958480,0.005333,0,0,0,3,2,2,0,0,1,2,1.5571,1.8421,3,interp0,1,1
315,0.7732,0.2054,446958480,0.005323,0,0,0,2,4,2,1,1,0,0,1.4708,1.8421,4,interp1,1,1
316,0.7581,0.4308,446958480,0.005312,0,0,0,3,0,2,0,1,3,1,1.5048,1.8421,3,interp0,1,1
317,0.7469,0.2224,446958480,0.005301,0,1,0,1,2,0,1,2,3,0,1.6957,1.8421,8,seed0,1,1
318,0.7775,0.1757,446958480,0.005291,0,0,0,3,3,2,0,0,2,0,1.3662,1.8421,3,interp0,1,1
319,0.7997,0.1516,446958480,0.005280,0,0,1,3,0,0,2,1,1,2,1.6957,1.8421,3,interp0,1,1
320,0.8019,0.3022,446958480,0.005270,0,2,0,0,0,1,3,1,1,2,1.6957,1.8421,6,interp3,1,1
321,0.7173,0.1909,446958480,0.005259,0,0,0,1,2,3,3,0,1,0,1.5048,1.8421,5,interp2,1,1
322,0.6197,0.1626,446958480,0.005248,0,0,0,0,5,2,0,0,1,2,1.2206,1.8421,4,interp1,1,1
323,0.7050,0.3684,446958480,0.005238,0,0,1,3,1,0,0,3,0,2,1.5048,1.8421,3,interp0,1,1
324,0.7553,0.2849,446958480,0.005228,0,0,2,0,0,1,2,0,4,1,1.4708,1.8421,8,seed0,1,1
325,0.8007,0.1874,446958480,0.005217,0,4,0,0,0,0,1,1,2,2,1.4708,1.8421,1,used,1,1
326,0.7672,0.1678,446958480,0.005207,0,0,1,1,3,0,1,0,0,4,1.4185,1.8421,9,seed1,1,1
327,0.7562,0.5088,446958480,0.005196,0,0,1,0,1,1,2,0,4,1,1.6094,1.8421,8,seed0,1,1
328,0.8173,0.2989,446958480,0.005186,0,0,0,3,2,2,0,2,1,0,1.5571,1.8421,3,interp0,1,1
329,0.7419,0.1674,446958480,0.005175,0,1,0,0,0,3,4,0,0,2,1.2799,1.8421,6,interp3,1,1
330,0.6612,0.1846,446958480,0.005165,0,0,0,0,6,0,1,0,3,0,0.8979,1.8421,4,interp1,1,1
331,0.7446,0.1616,446958480,0.005155,3,0,0,0,1,0,0,3,3,0,1.3138,1.8421,0,stab,1,1
332,0.7907,0.2071,446958480,0.005144,0,1,0,1,2,1,2,2,0,1,1.8867,1.8421,4,interp1,1,0
333,0.7415,0.1666,446958480,0.005134,0,0,0,0,1,0,4,2,2,1,1.4708,1.8421,6,interp3,1,1
334,0.7576,0.1631,446958480,0.005124,0,0,1,0,3,1,0,0,4,1,1.4185,1.8421,8,seed0,1,1
335,0.7996,0.2273,446958480,0.005114,0,1,0,3,1,0,3,0,2,0,1.5048,1.8421,3,interp0,1,1
336,0.7834,0.1395,446958480,0.005103,0,0,0,3,0,0,5,0,2,0,1.0297,1.8421,6,interp3,1,1
337,0.7073,0.2909,446958480,0.005093,0,0,0,3,0,1,3,1,1,1,1.6434,1.8421,3,interp0,1,1
338,0.7506,0.1911,446958480,0.005083,0,0,0,1,0,2,1,0,3,3,1.5048,1.8421,8,seed0,1,1
339,0.7684,0.1936,446958480,0.005073,0,1,2,2,0,0,1,1,1,2,1.8867,1.8421,2,topk,1,0
340,0.7522,0.2204,446958480,0.005063,0,1,0,0,2,2,2,1,0,2,1.7481,1.8421,4,interp1,1,1
341,0.6651,0.2125,446958480,0.005053,0,0,2,1,1,2,1,0,2,1,1.8867,1.8421,2,topk,1,0
342,0.6757,0.2858,446958480,0.005042,0,0,0,3,0,2,1,0,0,4,1.2799,1.8421,9,seed1,1,1
343,0.7427,0.1893,446958480,0.005032,0,0,0,0,3,4,1,0,1,1,1.4185,1.8421,5,interp2,1,1
344,0.7253,0.1576,446958480,0.005022,1,0,0,3,0,3,0,0,3,0,1.3138,1.8421,3,interp0,1,1
345,0.7965,0.1251,446958480,0.005012,0,0,0,1,5,0,0,4,0,0,0.9433,1.8421,4,interp1,1,1
346,0.8180,0.1225,446958480,0.005002,0,1,0,1,0,0,0,4,4,0,1.1935,1.8421,7,orth0,1,1
347,0.7156,0.1456,446958480,0.004992,0,0,0,0,1,0,1,0,2,6,1.0889,1.8421,9,seed1,1,1
348,0.7511,0.3184,446958480,0.004982,0,3,0,0,2,2,0,2,0,1,1.5571,1.8421,1,used,1,1
349,0.7221,0.2214,446958480,0.004972,0,1,0,0,0,1,0,0,4,4,1.1935,1.8421,8,seed0,1,1
350,0.7822,0.1580,446958480,0.004962,0,0,0,1,0,0,2,5,2,0,1.2206,1.8421,7,orth0,1,1
351,0.8279,0.4312,446958480,0.004952,0,4,0,2,0,1,0,0,3,0,1.2799,1.8421,1,used,1,1
352,0.6765,0.2089,446958480,0.004943,0,0,1,5,0,2,1,0,1,0,1.3592,1.8421,3,interp0,1,1
353,0.7775,0.1436,446958480,0.004933,0,0,1,0,2,0,2,1,3,1,1.6957,1.8421,8,seed0,1,1
354,0.7698,0.2355,446958480,0.004923,0,2,1,1,0,2,1,0,2,1,1.8867,1.8421,1,used,1,0
355,0.7846,0.0987,446958480,0.004913,0,1,0,1,1,4,1,0,1,1,1.7481,1.8421,5,interp2,1,1
356,0.7409,0.1179,446958480,0.004903,0,1,3,1,1,0,4,0,0,0,1.4185,1.8421,6,interp3,1,1
357,0.7671,0.1312,446958480,0.004893,1,0,0,1,0,3,0,0,2,3,1.5048,1.8421,5,interp2,1,1
358,0.8154,0.2126,446958480,0.004884,0,0,0,1,0,2,3,1,1,2,1.6957,1.8421,6,interp3,1,1
359,0.6371,0.3229,446958480,0.004874,0,1,1,0,0,0,0,5,2,1,1.3592,1.8421,7,orth0,1,1
360,0.6369,0.2692,446958480,0.004864,0,0,1,1,2,0,0,2,1,3,1.6957,1.8421,9,seed1,1,1
361,0.7575,0.2506,446958480,0.004854,0,0,0,0,3,0,3,4,0,0,1.0889,1.8421,7,orth0,1,1
362,0.7486,0.4585,446958480,0.004845,1,0,0,0,0,3,4,2,0,0,1.2799,1.8421,6,interp3,1,1
363,0.6822,0.3273,446958480,0.004835,0,1,0,0,0,0,0,1,4,4,1.1935,1.8421,8,seed0,1,1
364,0.6572,0.3556,446958480,0.004825,0,0,0,2,2,0,0,4,0,2,1.3322,1.8421,7,orth0,1,1
365,0.7078,0.3835,446958480,0.004816,0,0,0,4,0,1,3,1,0,1,1.4185,1.8421,3,interp0,1,1
366,0.7264,0.3464,446958480,0.004806,0,0,0,0,0,0,0,4,3,3,1.0889,1.8421,7,orth0,1,1
367,0.7245,0.2313,446958480,0.004796,0,1,0,3,0,3,0,3,0,0,1.3138,1.8421,3,interp0,1,1
368,0.7225,0.1945,446958480,0.004787,0,0,0,0,0,1,1,5,2,1,1.3592,1.8421,7,orth0,1,1
369,0.7363,0.2158,446958480,0.004777,0,1,0,3,0,2,0,1,1,2,1.6957,1.8421,3,interp0,1,1
370,0.6255,0.3008,446958480,0.004768,0,0,0,1,2,2,1,0,2,2,1.7481,1.8421,4,interp1,1,1
371,0.6360,0.4462,446958480,0.004758,0,0,0,0,1,5,1,0,3,0,1.1683,1.8421,5,interp2,1,1
372,0.7094,0.2250,446958480,0.004749,0,0,0,3,1,1,0,0,1,4,1.4185,1.8421,9,seed1,1,1
373,0.6392,0.3068,446958480,0.004739,0,3,0,1,0,2,4,0,0,0,1.2799,1.8421,6,interp3,1,1
374,0.7599,0.3240,446958480,0.004730,0,1,0,0,0,4,0,0,0,5,0.9433,1.8421,9,seed1,1,1
375,0.7947,0.2512,446958480,0.004720,0,0,0,2,0,0,0,2,2,4,1.3322,1.8421,9,seed1,1,1
376,0.7199,0.2430,446958480,0.004711,0,0,1,0,2,1,3,0,3,0,1.5048,1.8421,6,interp3,1,1
377,0.7663,0.1532,446958480,0.004701,0,0,2,1,0,4,2,0,0,1,1.4708,1.8421,5,interp2,1,1
378,0.7476,0.1938,446958480,0.004692,0,0,0,1,4,3,0,0,2,0,1.2799,1.8421,4,interp1,1,1
379,0.8118,0.1361,446958480,0.004682,0,0,2,0,0,0,3,0,2,3,1.3662,1.8421,6,interp3,1,1
380,0.7360,0.1576,446958480,0.004673,0,0,1,4,1,0,3,0,0,1,1.4185,1.8421,3,interp0,1,1
381,0.7312,0.1299,446958480,0.004664,0,0,0,2,0,5,1,0,1,1,1.3592,1.8421,5,interp2,1,1
382,0.6449,0.2665,446958480,0.004654,0,0,0,3,2,1,1,0,3,0,1.5048,1.8421,3,interp0,1,1
383,0.7298,0.2586,446958480,0.004645,0,0,3,0,1,2,2,0,1,1,1.6957,1.8421,2,topk,1,1
384,0.7865,0.2432,446958480,0.004636,1,0,0,3,0,2,2,1,1,0,1.6957,1.8421,3,interp0,1,1
385,0.7071,0.2043,446958480,0.004627,0,0,2,1,0,0,1,4,0,2,1.4708,1.8421,7,orth0,1,1
386,0.7814,0.2600,446958480,0.004617,0,0,2,0,1,0,2,1,3,1,1.6957,1.8421,8,seed0,1,1
387,0.7272,0.1921,446958480,0.004608,0,0,0,0,2,1,3,0,1,3,1.5048,1.8421,6,interp3,1,1
388,0.8121,0.1298,446958480,0.004599,0,0,0,2,1,3,1,0,3,0,1.5048,1.8421,5,interp2,1,1
389,0.8118,0.1594,446958480,0.004590,0,0,0,2,0,2,2,1,3,0,1.5571,1.8421,8,seed0,1,1
390,0.8196,0.1011,446958480,0.004580,0,0,0,3,1,0,2,1,3,0,1.5048,1.8421,3,interp0,1,1
391,0.7772,0.1694,446958480,0.004571,0,0,0,1,0,2,2,0,0,5,1.2206,1.8421,9,seed1,1,1
392,0.7933,0.1578,446958480,0.004562,0,0,0,0,4,0,2,0,3,1,1.2799,1.8421,4,interp1,1,1
393,0.7172,0.1343,446958480,0.004553,0,0,0,3,4,1,0,0,1,1,1.4185,1.8421,4,interp1,1,1
394,0.7347,0.0890,446958480,0.004544,0,1,0,1,2,1,0,0,2,3,1.6957,1.8421,9,seed1,1,1
395,0.7735,0.1800,446958480,0.004535,0,0,0,0,1,1,3,0,2,3,1.5048,1.8421,6,interp3,1,1
396,0.7413,0.1272,446958480,0.004526,0,3,0,2,4,0,0,0,1,0,1.2799,1.8421,4,interp1,1,1
397,0.6432,0.3380,446958480,0.004517,0,0,0,0,4,1,0,0,3,2,1.2799,1.8421,4,interp1,1,1
398,0.7829,0.3752,446958480,0.004508,0,0,0,5,0,1,0,1,3,0,1.1683,1.8421,3,interp0,1,1
399,0.7527,0.2554,446958480,0.004499,0,0,3,0,0,0,3,0,0,4,1.0889,1.8421,9,seed1,1,1
400,0.6587,0.2004,446958480,0.004490,0,2,0,0,0,2,1,4,0,1,1.4708,1.8421,7,orth0,1,1
401,0.7635,0.2973,446958480,0.004481,0,0,1,0,3,0,2,0,2,2,1.5571,1.8421,4,interp1,1,1
402,0.7952,0.1640,446958480,0.004472,0,0,0,3,0,3,1,0,1,2,1.5048,1.8421,3,interp0,1,1
403,0.6351,0.1415,446958480,0.004463,0,0,0,1,1,0,3,0,4,1,1.4185,1.8421,8,seed0,1,1
404,0.7024,0.1223,446958480,0.004454,1,0,0,0,3,1,0,5,0,0,1.1683,1.8421,7,orth0,1,1
405,0.7448,0.4910,446958480,0.004445,0,0,1,2,0,0,1,2,1,3,1.6957,1.8421,9,seed1,1,1
406,0.7160,0.3203,446958480,0.004436,0,0,0,2,2,5,0,1,0,0,1.2206,1.8421,5,interp2,1,1
407,0.5847,0.1733,446958480,0.004427,0,0,2,3,0,1,0,0,1,3,1.5048,1.8421,3,interp0,1,1
408,0.7516,0.1772,446958480,0.004418,0,0,0,0,1,3,0,2,3,1,1.5048,1.8421,5,interp2,1,1
409,0.7149,0.2212,446958480,0.004410,0,0,0,3,0,0,2,1,4,0,1.2799,1.8421,8,seed0,1,1
410,0.7998,0.3190,446958480,0.004401,0,2,0,0,0,1,2,1,0,4,1.4708,1.8421,9,seed1,1,1
411,0.8180,0.1940,446958480,0.004392,0,0,2,0,1,0,0,2,1,4,1.4708,1.8421,9,seed1,1,1
412,0.6568,0.2778,446958480,0.004383,0,0,2,4,1,0,0,0,0,3,1.2799,1.8421,3,interp0,1,1
413,0.7037,0.2523,446958480,0.004374,0,0,0,3,1,0,0,1,4,1,1.4185,1.8421,8,seed0,1,1
414,0.6978,0.2069,446958480,0.004366,2,2,0,0,1,0,0,0,4,1,1.4708,1.8421,8,seed0,1,1
415,0.7423,0.2706,446958480,0.004357,0,0,0,0,3,0,2,4,0,1,1.2799,1.8421,7,orth0,1,1
416,0.8081,0.1203,446958480,0.004348,0,1,0,0,1,1,0,3,0,4,1.4185,1.8421,9,seed1,1,1
417,0.7503,0.2007,446958480,0.004339,0,0,2,3,1,0,2,0,0,2,1.5571,1.8421,3,interp0,1,1
418,0.7548,0.1606,446958480,0.004331,0,0,0,0,0,1,4,0,1,4,1.1935,1.8421,6,interp3,1,1
419,0.7335,0.1804,446958480,0.004322,0,0,0,1,0,2,1,0,0,6,1.0889,1.8421,9,seed1,1,1
420,0.6961,0.3134,446958480,0.004313,0,1,1,0,0,0,4,1,1,2,1.6094,1.8421,6,interp3,1,1
421,0.7908,0.2221,446958480,0.004305,0,2,1,2,0,1,0,0,2,2,1.7481,1.8421,1,used,1,1
422,0.7629,0.1351,446958480,0.004296,0,0,0,0,4,3,1,0,0,2,1.2799,1.8421,4,interp1,1,1
423,0.6404,0.2197,446958480,0.004288,0,0,0,0,0,1,0,1,5,3,1.1683,1.8421,8,seed0,1,1
424,0.6652,0.1722,446958480,0.004279,0,1,0,0,0,1,0,2,1,5,1.3592,1.8421,9,seed1,1,1
425,0.7611,0.3264,446958480,0.004271,0,1,0,5,0,0,0,3,1,0,1.1683,1.8421,3,interp0,1,1
426,0.6841,0.1788,446958480,0.004262,0,0,0,3,0,0,0,1,3,3,1.3138,1.8421,3,interp0,1,1
427,0.6956,0.1776,446958480,0.004253,0,0,0,0,3,0,0,1,2,4,1.2799,1.8421,9,seed1,1,1
428,0.8173,0.2556,446958480,0.004245,0,0,0,0,2,3,2,0,2,1,1.5571,1.8421,5,interp2,1,1
429,0.7760,0.1453,446958480,0.004236,0,0,0,5,2,0,1,0,1,1,1.3592,1.8421,3,interp0,1,1
430,0.7745,0.2186,446958480,0.004228,0,1,1,4,0,0,2,0,1,1,1.6094,1.8421,3,interp0,1,1
431,0.7046,0.1320,446958480,0.004220,0,0,0,1,0,0,3,5,0,1,1.1683,1.8421,7,orth0,1,1
432,0.8103,0.1466,446958480,0.004211,0,0,1,1,2,3,0,1,0,2,1.6957,1.8421,5,interp2,1,1
433,0.7115,0.1747,446958480,0.004203,0,0,0,1,3,0,0,0,4,2,1.2799,1.8421,8,seed0,1,1
434,0.7432,0.1599,446958480,0.004194,0,0,0,1,0,1,2,1,2,3,1.6957,1.8421,9,seed1,1,1
435,0.7580,0.1686,446958480,0.004186,0,0,0,0,1,2,2,0,5,0,1.2206,1.8421,8,seed0,1,1
436,0.8048,0.1449,446958480,0.004177,0,1,1,0,0,2,1,1,3,1,1.8344,1.8421,8,seed0,1,1
437,0.7594,0.3394,446958480,0.004169,0,1,1,3,0,3,1,0,1,0,1.6434,1.8421,3,interp0,1,1
438,0.7260,0.2113,446958480,0.004161,0,0,0,0,1,5,0,1,2,1,1.3592,1.8421,5,interp2,1,1
439,0.6593,0.4444,446958480,0.004152,0,0,0,1,0,2,0,1,1,5,1.3592,1.8421,9,seed1,1,1
440,0.7019,0.3576,446958480,0.004144,0,0,2,1,0,2,2,0,1,2,1.7481,1.8421,2,topk,1,1
441,0.6885,0.2306,446958480,0.004136,0,0,1,4,1,1,0,1,2,0,1.6094,1.8421,3,interp0,1,1
442,0.7942,0.2443,446958480,0.004128,0,2,1,0,0,5,0,1,0,1,1.3592,1.8421,5,interp2,1,1
443,0.7747,0.1455,446958480,0.004119,0,0,0,3,1,1,0,1,2,2,1.6957,1.8421,3,interp0,1,1
444,0.7429,0.2580,446958480,0.004111,0,1,0,0,4,0,2,0,2,1,1.4708,1.8421,4,interp1,1,1
445,0.7821,0.2822,446958480,0.004103,0,1,0,0,0,0,2,1,4,2,1.4708,1.8421,8,seed0,1,1
446,0.7634,0.1742,446958480,0.004095,0,0,1,2,1,2,0,0,3,1,1.6957,1.8421,8,seed0,1,1
447,0.8292,0.1489,446958480,0.004087,0,0,1,2,2,3,0,0,1,1,1.6957,1.8421,5,interp2,1,1
448,0.7705,0.1441,446958480,0.004078,0,0,0,0,1,0,4,3,0,2,1.2799,1.8421,6,interp3,1,1
449,0.8028,0.1649,446958480,0.004070,0,0,0,3,0,1,2,1,1,2,1.6957,1.8421,3,interp0,1,1
450,0.7052,0.2057,446958480,0.004062,0,1,0,4,0,0,2,2,0,1,1.4708,1.8421,3,interp0,1,1
451,0.8084,0.1556,446958480,0.004054,0,2,0,3,1,0,1,0,1,2,1.6957,1.8421,3,interp0,1,1
452,0.7968,0.1251,446958480,0.004046,0,0,1,2,1,1,1,0,2,2,1.8867,1.8421,3,interp0,1,0
453,0.8015,0.1367,446958480,0.004038,0,0,0,4,2,1,1,0,1,1,1.6094,1.8421,3,interp0,1,1
454,0.8165,0.0992,446958480,0.004030,0,0,2,2,1,0,2,0,2,1,1.7481,1.8421,2,topk,1,1
455,0.7693,0.1223,446958480,0.004022,0,0,0,2,1,2,1,0,2,2,1.7481,1.8421,3,interp0,1,1
456,0.7603,0.3192,446958480,0.004014,0,0,1,0,1,3,0,0,1,4,1.4185,1.8421,9,seed1,1,1
457,0.7566,0.1383,446958480,0.004006,0,0,0,4,0,0,5,1,0,0,0.9433,1.8421,6,interp3,1,1
458,0.6740,0.2808,446958480,0.003997,0,0,0,0,0,0,1,1,4,4,1.1935,1.8421,8,seed0,1,1
459,0.8336,0.1720,446958480,0.003989,0,0,0,1,1,0,3,1,1,3,1.6434,1.8421,6,interp3,1,1
460,0.8096,0.2547,446958480,0.003982,0,0,3,2,1,1,2,0,1,0,1.6957,1.8421,2,topk,1,1
461,0.7451,0.1447,446958480,0.003974,0,0,0,0,0,3,1,0,1,5,1.1683,1.8421,9,seed1,1,1
462,0.7674,0.2476,446958480,0.003966,0,1,0,0,2,0,0,1,3,3,1.5048,1.8421,8,seed0,1,1
463,0.7741,0.1147,446958480,0.003958,0,0,2,0,0,0,4,0,2,2,1.3322,1.8421,6,interp3,1,1
464,0.7051,0.1459,446958480,0.003950,0,0,0,2,0,1,1,3,2,1,1.6957,1.8421,7,orth0,1,1
465,0.8339,0.1382,446958480,0.003942,0,0,0,0,1,4,1,1,1,2,1.6094,1.8421,5,interp2,1,1
466,0.7496,0.1731,446958480,0.003934,0,0,0,2,1,5,2,0,0,0,1.2206,1.8421,5,interp2,1,1
467,0.7877,0.1719,446958480,0.003926,0,0,0,0,3,1,2,1,0,3,1.5048,1.8421,4,interp1,1,1
468,0.7289,0.1448,446958480,0.003918,0,0,1,1,1,0,0,0,3,4,1.4185,1.8421,9,seed1,1,1
469,0.7838,0.2811,446958480,0.003910,0,0,1,3,0,0,2,2,0,2,1.5571,1.8421,3,interp0,1,1
470,0.7569,0.1208,446958480,0.003903,0,0,0,3,1,2,0,0,2,2,1.5571,1.8421,3,interp0,1,1
471,0.7644,0.2127,446958480,0.003895,0,0,0,1,1,2,3,1,2,0,1.6957,1.8421,6,interp3,1,1
472,0.7893,0.1750,446958480,0.003887,0,0,0,0,0,2,5,0,0,3,1.0297,1.8421,6,interp3,1,1
473,0.8168,0.2264,446958480,0.003879,0,0,0,4,0,2,0,1,1,2,1.4708,1.8421,3,interp0,1,1
474,0.7976,0.1404,446958480,0.003871,0,0,0,3,0,2,0,0,0,5,1.0297,1.8421,9,seed1,1,1
475,0.7755,0.1244,446958480,0.003864,0,0,0,0,0,0,4,1,3,2,1.2799,1.8421,6,interp3,1,1
476,0.7868,0.2970,446958480,0.003856,0,1,0,0,4,0,0,0,2,3,1.2799,1.8421,4,interp1,1,1
477,0.8043,0.1849,446958480,0.003848,0,0,0,1,1,4,2,0,0,2,1.4708,1.8421,5,interp2,1,1
478,0.7674,0.1022,446958480,0.003841,1,0,2,1,2,0,2,1,1,0,1.8867,1.8421,2,topk,1,0
479,0.7710,0.3233,446958480,0.003833,0,0,0,0,0,0,1,6,3,0,0.8979,1.8421,7,orth0,1,1
480,0.8193,0.1193,446958480,0.003825,0,0,0,0,2,4,0,2,2,0,1.3322,1.8421,5,interp2,1,1
481,0.7940,0.1518,446958480,0.003818,0,0,2,0,0,2,0,1,5,0,1.2206,1.8421,8,seed0,1,1
482,0.7678,0.1444,446958480,0.003810,0,0,0,4,0,0,1,2,1,2,1.4708,1.8421,3,interp0,1,1
483,0.8155,0.0883,446958480,0.003802,0,0,3,3,0,0,1,0,1,2,1.5048,1.8421,2,topk,1,1
484,0.7828,0.1518,446958480,0.003795,0,0,0,2,0,0,1,1,3,3,1.5048,1.8421,8,seed0,1,1
485,0.8329,0.1468,446958480,0.003787,0,0,0,2,2,0,2,0,2,2,1.6094,1.8421,3,interp0,1,1
486,0.8346,0.0920,446958480,0.003780,0,0,0,5,1,1,1,0,2,0,1.3592,1.8421,3,interp0,1,1
487,0.7705,0.0947,446958480,0.003772,0,1,0,1,0,0,1,3,2,2,1.6957,1.8421,7,orth0,1,1
488,0.8338,0.0954,446958480,0.003764,1,0,0,1,3,3,0,0,2,0,1.5048,1.8421,4,interp1,1,1
489,0.7275,0.0581,446958480,0.003757,0,0,0,0,5,2,1,1,1,0,1.3592,1.8421,4,interp1,1,1
490,0.6940,0.2070,446958480,0.003749,0,1,1,0,1,1,0,0,4,2,1.6094,1.8421,8,seed0,1,1
491,0.6708,0.2536,446958480,0.003742,0,0,1,2,0,2,3,0,0,2,1.5571,1.8421,6,interp3,1,1
492,0.7566,0.2534,446958480,0.003734,0,0,0,3,1,1,0,0,2,3,1.5048,1.8421,3,interp0,1,1
493,0.7451,0.1024,446958480,0.003727,0,0,1,3,3,0,1,1,1,0,1.6434,1.8421,3,interp0,1,1
494,0.8025,0.1167,446958480,0.003720,0,0,2,1,0,2,2,0,2,1,1.7481,1.8421,2,topk,1,1
495,0.8152,0.0995,446958480,0.003712,0,0,2,2,0,0,4,1,0,1,1.4708,1.8421,6,interp3,1,1
496,0.8220,0.1300,446958480,0.003705,0,0,0,2,2,2,0,0,1,3,1.5571,1.8421,9,seed1,1,1
497,0.7667,0.1535,446958480,0.003697,0,0,0,1,0,3,4,0,1,1,1.4185,1.8421,6,interp3,1,1
498,0.8449,0.1629,446958480,0.003690,0,2,2,0,0,2,0,1,3,0,1.5571,1.8421,8,seed0,1,1
499,0.8175,0.1045,446958480,0.003682,0,0,1,2,3,0,1,0,2,1,1.6957,1.8421,4,interp1,1,1
500,0.8138,0.2232,446958480,0.003675,0,0,0,0,4,3,0,0,0,3,1.0889,1.8421,4,interp1,1,1
501,0.7753,0.0783,446958480,0.003668,0,0,1,3,1,1,0,2,2,0,1.6957,1.8421,3,interp0,1,1
502,0.6864,0.3117,446958480,0.003660,0,0,0,1,0,1,4,0,0,4,1.1935,1.8421,6,interp3,1,1
503,0.7563,0.1641,446958480,0.003653,0,0,0,0,1,2,6,1,0,0,1.0889,1.8421,6,interp3,1,1
504,0.7898,0.2966,446958480,0.003646,0,1,0,1,0,2,0,2,3,1,1.6957,1.8421,8,seed0,1,1
505,0.8413,0.1648,446958480,0.003639,0,0,0,3,2,4,1,0,0,0,1.2799,1.8421,5,interp2,1,1
506,0.6857,0.2619,446958480,0.003631,0,0,0,0,0,1,1,2,1,5,1.3592,1.8421,9,seed1,1,1
507,0.7721,0.2133,446958480,0.003624,0,1,1,2,0,0,0,3,3,0,1.5048,1.8421,7,orth0,1,1
508,0.7261,0.1928,446958480,0.003617,0,0,0,0,4,0,2,2,0,2,1.3322,1.8421,4,interp1,1,1
509,0.6602,0.1257,446958480,0.003609,0,0,0,0,0,3,0,0,7,0,0.6109,1.8421,8,seed0,1,1
510,0.7446,0.3690,446958480,0.003602,0,0,0,0,0,2,0,2,4,2,1.3322,1.8421,8,seed0,1,1
511,0.4475,0.4093,446958480,0.003595,0,0,0,0,2,0,0,6,0,2,0.9503,1.8421,7,orth0,1,1
512,0.6621,0.4419,446958480,0.003588,0,0,0,1,0,1,0,5,2,1,1.3592,1.8421,7,orth0,1,1
513,0.7334,0.1707,446958480,0.003581,1,0,2,0,0,2,4,1,0,0,1.4708,1.8421,6,interp3,1,1
514,0.7054,0.2505,446958480,0.003574,0,0,1,2,0,0,3,3,1,0,1.5048,1.8421,6,interp3,1,1
515,0.7780,0.1464,446958480,0.003566,0,0,0,0,2,3,2,0,3,0,1.3662,1.8421,5,interp2,1,1
516,0.7739,0.2285,446958480,0.003559,0,0,0,1,3,0,4,0,2,0,1.2799,1.8421,6,interp3,1,1
517,0.7434,0.1494,446958480,0.003552,0,0,0,0,0,1,2,0,3,4,1.2799,1.8421,9,seed1,1,1
518,0.7595,0.1115,446958480,0.003545,0,0,0,6,0,0,1,0,2,1,1.0889,1.8421,3,interp0,1,1
519,0.7318,0.2095,446958480,0.003538,0,2,2,0,0,0,1,2,0,3,1.5571,1.8421,9,seed1,1,1
520,0.7906,0.1577,446958480,0.003531,0,0,0,0,3,0,3,0,3,1,1.3138,1.8421,4,interp1,1,1
521,0.7790,0.1279,446958480,0.003524,0,0,0,1,2,0,2,2,3,0,1.5571,1.8421,8,seed0,1,1
522,0.8178,0.1027,446958480,0.003517,0,0,0,1,1,1,3,0,1,3,1.6434,1.8421,6,interp3,1,1
523,0.8522,0.1158,446958480,0.003510,0,0,0,1,1,0,3,3,1,1,1.6434,1.8421,6,interp3,1,1
524,0.7956,0.0778,446958480,0.003503,0,0,1,0,6,1,0,1,0,1,1.2275,1.8421,4,interp1,1,1
525,0.8001,0.0673,446958480,0.003496,0,0,2,0,0,3,0,0,1,4,1.2799,1.8421,9,seed1,1,1
526,0.8223,0.1823,446958480,0.003489,0,0,0,0,2,2,2,1,2,1,1.7481,1.8421,4,interp1,1,1
527,0.8177,0.1388,446958480,0.003482,0,4,0,1,0,1,0,0,2,2,1.4708,1.8421,1,used,1,1
528,0.7380,0.1009,446958480,0.003475,0,0,2,1,0,0,1,2,4,0,1.4708,1.8421,8,seed0,1,1
529,0.7432,0.2108,446958480,0.003468,1,0,0,0,0,1,2,4,0,2,1.4708,1.8421,7,orth0,1,1
530,0.7893,0.1539,446958480,0.003461,0,1,2,0,0,0,0,3,0,4,1.2799,1.8421,9,seed1,1,1
531,0.8227,0.1477,446958480,0.003454,0,0,0,2,1,0,0,4,1,2,1.4708,1.8421,7,orth0,1,1
532,0.7867,0.0486,446958480,0.003447,0,0,0,2,1,0,3,1,2,1,1.6957,1.8421,6,interp3,1,1
533,0.8050,0.1440,446958480,0.003440,0,1,0,0,0,3,3,0,3,0,1.3138,1.8421,5,interp2,1,1
534,0.8027,0.1006,446958480,0.003433,0,0,0,2,2,2,3,1,0,0,1.5571,1.8421,6,interp3,1,1
535,0.7479,0.1306,446958480,0.003426,0,0,0,1,1,0,4,1,0,3,1.4185,1.8421,6,interp3,1,1
536,0.8020,0.1020,446958480,0.003420,0,0,0,2,4,1,0,0,3,0,1.2799,1.8421,4,interp1,1,1
537,0.7904,0.1535,446958480,0.003413,0,0,0,3,4,0,0,0,2,1,1.2799,1.8421,4,interp1,1,1
538,0.7896,0.1531,446958480,0.003406,0,3,0,4,0,0,0,0,2,1,1.2799,1.8421,3,interp0,1,1
539,0.7107,0.2454,446958480,0.003399,0,0,0,0,2,2,0,0,5,1,1.2206,1.8421,8,seed0,1,1
540,0.7940,0.3111,446958480,0.003392,0,1,0,0,0,1,2,0,2,4,1.4708,1.8421,9,seed1,1,1
541,0.8537,0.2026,446958480,0.003386,0,0,0,1,2,3,2,0,2,0,1.5571,1.8421,5,interp2,1,1
542,0.8097,0.1080,446958480,0.003379,0,0,0,3,1,4,0,2,0,0,1.2799,1.8421,5,interp2,1,1
543,0.7883,0.1087,446958480,0.003372,0,0,1,2,2,1,0,2,1,1,1.8867,1.8421,3,interp0,1,0
544,0.7732,0.1444,446958480,0.003365,0,0,0,2,2,1,1,1,3,0,1.6957,1.8421,8,seed0,1,1
545,0.8071,0.1676,446958480,0.003358,1,0,0,1,0,1,2,3,1,1,1.8344,1.8421,7,orth0,1,1
546,0.7941,0.1090,446958480,0.003352,0,0,0,1,2,0,5,1,0,1,1.3592,1.8421,6,interp3,1,1
547,0.8446,0.0731,446958480,0.003345,0,2,0,0,4,2,0,0,2,0,1.3322,1.8421,4,interp1,1,1
548,0.8514,0.1648,446958480,0.003338,0,0,0,1,0,1,6,1,1,0,1.2275,1.8421,6,interp3,1,1
549,0.8248,0.0700,446958480,0.003332,0,0,3,2,2,0,3,0,0,0,1.3662,1.8421,2,topk,1,1
550,0.8289,0.0704,446958480,0.003325,0,0,0,0,0,1,4,0,3,2,1.2799,1.8421,6,interp3,1,1
551,0.8257,0.0940,446958480,0.003318,0,0,0,3,1,1,1,1,0,3,1.6434,1.8421,3,interp0,1,1
552,0.8119,0.1691,446958480,0.003312,0,1,0,4,2,0,0,0,3,0,1.2799,1.8421,3,interp0,1,1
553,0.7809,0.1006,446958480,0.003305,0,0,0,1,2,1,0,1,2,3,1.6957,1.8421,9,seed1,1,1
554,0.8051,0.1280,446958480,0.003299,0,0,0,3,0,0,6,0,1,0,0.8979,1.8421,6,interp3,1,1
555,0.7959,0.2118,446958480,0.003292,0,0,1,1,2,0,0,2,3,1,1.6957,1.8421,8,seed0,1,1
556,0.8464,0.0996,446958480,0.003285,0,0,0,1,3,3,1,1,1,0,1.6434,1.8421,4,interp1,1,1
557,0.8102,0.0943,446958480,0.003279,0,0,0,1,1,0,0,2,2,4,1.4708,1.8421,9,seed1,1,1
558,0.8143,0.1034,446958480,0.003272,0,1,0,3,2,4,0,0,0,0,1.2799,1.8421,5,interp2,1,1
559,0.7596,0.0811,446958480,0.003266,0,3,0,0,0,0,2,4,1,0,1.2799,1.8421,7,orth0,1,1
560,0.7627,0.1172,446958480,0.003259,0,1,0,1,1,0,0,0,0,7,0.9404,1.8421,9,seed1,1,1
561,0.8172,0.1584,446958480,0.003253,0,2,3,0,0,1,0,2,0,2,1.5571,1.8421,2,topk,1,1
562,0.7665,0.1266,446958480,0.003246,0,0,0,1,0,0,8,0,1,0,0.6390,1.8421,6,interp3,1,1
563,0.7723,0.1524,446958480,0.003240,0,1,0,0,2,4,0,0,2,1,1.4708,1.8421,5,interp2,1,1
564,0.8342,0.1862,446958480,0.003233,0,0,0,4,0,0,1,2,2,1,1.4708,1.8421,3,interp0,1,1
565,0.7566,0.1100,446958480,0.003227,0,1,0,0,0,2,2,0,3,2,1.5571,1.8421,8,seed0,1,1
566,0.8360,0.1192,446958480,0.003220,0,0,0,2,1,0,0,2,4,1,1.4708,1.8421,8,seed0,1,1
567,0.8479,0.0977,446958480,0.003214,0,1,2,3,3,1,0,0,0,0,1.5048,1.8421,3,interp0,1,1
568,0.8214,0.0703,446958480,0.003207,0,0,1,1,1,1,0,0,3,3,1.6434,1.8421,8,seed0,1,1
569,0.8130,0.0802,446958480,0.003201,0,0,0,1,2,2,1,1,1,2,1.8867,1.8421,4,interp1,1,0
570,0.8336,0.1979,446958480,0.003195,0,0,0,2,1,3,0,0,2,2,1.5571,1.8421,5,interp2,1,1
571,0.7894,0.0767,446958480,0.003188,0,1,3,0,0,3,1,2,0,0,1.5048,1.8421,2,topk,1,1
572,0.7959,0.1190,446958480,0.003182,0,0,0,1,0,1,0,2,3,3,1.5048,1.8421,8,seed0,1,1
573,0.8200,0.0733,446958480,0.003175,0,0,0,0,0,4,2,2,2,0,1.3322,1.8421,5,interp2,1,1
574,0.8066,0.1119,446958480,0.003169,0,0,0,2,1,1,0,0,4,2,1.4708,1.8421,8,seed0,1,1
575,0.7836,0.0834,446958480,0.003163,0,3,0,0,3,0,0,0,3,1,1.3138,1.8421,1,used,1,1
576,0.7896,0.0742,446958480,0.003156,0,0,0,2,2,0,2,0,2,2,1.6094,1.8421,3,interp0,1,1
577,0.8151,0.1908,446958480,0.003150,0,0,1,1,0,2,0,0,4,2,1.4708,1.8421,8,seed0,1,1
578,0.8223,0.0656,446958480,0.003144,0,0,0,4,0,4,0,0,0,2,1.0549,1.8421,3,interp0,1,1
579,0.8267,0.1408,446958480,0.003137,0,0,0,0,0,4,0,0,3,3,1.0889,1.8421,5,interp2,1,1
580,0.8181,0.1069,446958480,0.003131,0,0,0,1,2,2,2,0,0,3,1.5571,1.8421,9,seed1,1,1
581,0.8197,0.1613,446958480,0.003125,0,1,1,0,0,1,2,2,2,1,1.8867,1.8421,6,interp3,1,0
582,0.7950,0.0666,446958480,0.003119,0,1,0,3,1,1,2,0,0,2,1.6957,1.8421,3,interp0,1,1
583,0.7993,0.1108,446958480,0.003112,0,1,0,0,2,1,1,2,3,0,1.6957,1.8421,8,seed0,1,1
584,0.8184,0.1279,446958480,0.003106,0,0,3,0,0,0,5,1,1,0,1.1683,1.8421,6,interp3,1,1
585,0.8276,0.0673,446958480,0.003100,0,1,0,0,0,1,0,2,5,1,1.3592,1.8421,8,seed0,1,1
586,0.8326,0.0991,446958480,0.003094,1,0,1,3,0,1,1,0,1,2,1.8344,1.8421,3,interp0,1,1
587,0.8288,0.1152,446958480,0.003088,0,0,0,2,0,4,3,0,1,0,1.2799,1.8421,5,interp2,1,1
588,0.8183,0.1179,446958480,0.003081,0,0,0,1,6,1,1,1,0,0,1.2275,1.8421,4,interp1,1,1
589,0.8280,0.0586,446958480,0.003075,0,0,1,2,0,4,0,3,0,0,1.2799,1.8421,5,interp2,1,1
590,0.7498,0.1749,446958480,0.003069,0,0,0,0,7,0,0,0,3,0,0.6109,1.8421,4,interp1,1,1
591,0.6909,0.1560,446958480,0.003063,0,0,0,0,5,0,0,1,3,1,1.1683,1.8421,4,interp1,1,1
592,0.7694,0.1206,446958480,0.003057,0,0,3,1,0,1,1,2,2,0,1.6957,1.8421,2,topk,1,1
593,0.8368,0.1554,446958480,0.003051,0,0,0,0,0,5,2,0,3,0,1.0297,1.8421,5,interp2,1,1
594,0.8470,0.1089,446958480,0.003045,0,0,0,2,0,0,0,0,3,5,1.0297,1.8421,9,seed1,1,1
595,0.8240,0.1094,446958480,0.003039,0,0,0,0,2,0,6,0,1,1,1.0889,1.8421,6,interp3,1,1
596,0.8025,0.0602,446958480,0.003033,0,0,1,5,1,0,0,0,1,2,1.3592,1.8421,3,interp0,1,1
597,0.8490,0.0631,446958480,0.003026,0,0,2,0,0,0,1,1,2,4,1.4708,1.8421,9,seed1,1,1
598,0.8509,0.0726,446958480,0.003020,0,0,5,0,0,1,0,0,2,2,1.2206,1.8421,2,topk,1,1
599,0.8387,0.1263,446958480,0.003014,0,4,0,3,0,1,0,0,0,2,1.2799,1.8421,1,used,1,1
600,0.8512,0.0533,446958480,0.003008,0,0,0,1,3,5,0,0,1,0,1.1683,1.8421,5,interp2,1,1
601,0.8280,0.0836,446958480,0.003002,0,0,0,0,2,5,2,0,1,0,1.2206,1.8421,5,interp2,1,1
602,0.7694,0.1071,446958480,0.002996,0,0,0,1,0,0,4,1,1,3,1.4185,1.8421,6,interp3,1,1
603,0.7928,0.1593,446958480,0.002990,0,1,3,0,1,0,0,0,2,3,1.5048,1.8421,2,topk,1,1
604,0.8521,0.0640,446958480,0.002984,0,0,0,1,1,4,1,1,1,1,1.7481,1.8421,5,interp2,1,1
605,0.8288,0.0681,446958480,0.002978,0,0,0,1,1,0,5,1,1,1,1.4979,1.8421,6,interp3,1,1
606,0.8090,0.0848,446958480,0.002972,0,1,0,1,1,0,5,0,1,1,1.4979,1.8421,6,interp3,1,1
607,0.8012,0.1344,446958480,0.002966,0,1,1,0,0,0,2,1,4,1,1.6094,1.8421,8,seed0,1,1
608,0.8273,0.0757,446958480,0.002961,2,0,1,1,1,2,1,0,2,0,1.8867,1.8421,0,stab,1,0
609,0.8325,0.1156,446958480,0.002955,0,2,0,0,2,1,0,2,2,1,1.7481,1.8421,1,used,1,1
610,0.7483,0.1619,446958480,0.002949,0,0,0,1,0,1,4,1,1,2,1.6094,1.8421,6,interp3,1,1
611,0.6695,0.1421,446958480,0.002943,0,0,1,4,1,0,0,0,1,3,1.4185,1.8421,3,interp0,1,1
612,0.7549,0.1865,446958480,0.002937,0,2,0,3,1,0,0,2,1,1,1.6957,1.8421,3,interp0,1,1
613,0.7230,0.1427,446958480,0.002931,0,0,0,2,2,1,1,0,2,2,1.7481,1.8421,3,interp0,1,1
614,0.6952,0.1398,446958480,0.002925,0,0,1,0,3,2,2,0,1,1,1.6957,1.8421,4,interp1,1,1
615,0.7102,0.1449,446958480,0.002919,0,0,1,0,2,3,1,1,2,0,1.6957,1.8421,5,interp2,1,1
616,0.8337,0.1307,446958480,0.002913,0,0,1,4,3,0,1,0,0,1,1.4185,1.8421,3,interp0,1,1
617,0.7979,0.0997,446958480,0.002908,0,0,0,6,0,0,1,0,3,0,0.8979,1.8421,3,interp0,1,1
618,0.7895,0.1534,446958480,0.002902,0,0,2,4,0,0,0,2,1,1,1.4708,1.8421,3,interp0,1,1
619,0.8456,0.1045,446958480,0.002896,0,1,0,3,4,0,0,0,0,2,1.2799,1.8421,4,interp1,1,1
620,0.8424,0.0395,446958480,0.002890,0,0,1,1,0,6,2,0,0,0,1.0889,1.8421,5,interp2,1,1
621,0.8323,0.0705,446958480,0.002884,0,0,0,6,0,1,0,2,0,1,1.0889,1.8421,3,interp0,1,1
622,0.8553,0.0606,446958480,0.002879,0,0,0,1,0,1,5,0,3,0,1.1683,1.8421,6,interp3,1,1
623,0.8327,0.1111,446958480,0.002873,0,0,0,2,1,1,1,0,1,4,1.6094,1.8421,9,seed1,1,1
624,0.8494,0.0532,446958480,0.002867,0,4,0,1,0,3,0,0,1,1,1.4185,1.8421,1,used,1,1
625,0.8332,0.0578,446958480,0.002861,0,0,0,4,1,1,1,0,3,0,1.4185,1.8421,3,interp0,1,1
626,0.7987,0.1161,446958480,0.002856,0,1,0,0,0,2,3,1,0,3,1.5048,1.8421,6,interp3,1,1
627,0.8187,0.0616,446958480,0.002850,0,0,0,2,1,1,2,0,0,4,1.4708,1.8421,9,seed1,1,1
628,0.8659,0.0585,446958480,0.002844,0,0,1,2,0,3,1,1,1,1,1.8344,1.8421,5,interp2,1,1
629,0.8574,0.0960,446958480,0.002839,0,1,2,2,1,2,2,0,0,0,1.7481,1.8421,2,topk,1,1
630,0.8426,0.0550,446958480,0.002833,0,0,0,2,3,2,2,0,1,0,1.5571,1.8421,4,interp1,1,1
631,0.8067,0.0610,446958480,0.002827,0,0,0,1,3,0,2,0,1,3,1.5048,1.8421,4,interp1,1,1
632,0.8300,0.1387,446958480,0.002822,0,0,0,0,2,1,1,3,0,3,1.5048,1.8421,7,orth0,1,1
633,0.7676,0.0664,446958480,0.002816,0,0,0,2,0,0,3,0,0,5,1.0297,1.8421,9,seed1,1,1
634,0.7497,0.1395,446958480,0.002810,0,0,0,1,2,2,3,0,0,2,1.5571,1.8421,6,interp3,1,1
635,0.7901,0.1759,446958480,0.002805,0,0,0,0,0,0,3,3,4,0,1.0889,1.8421,8,seed0,1,1
636,0.8104,0.1829,446958480,0.002799,0,0,0,0,1,1,2,2,2,2,1.7481,1.8421,6,interp3,1,1
637,0.8154,0.1244,446958480,0.002794,0,1,0,0,5,0,1,0,2,1,1.3592,1.8421,4,interp1,1,1
638,0.8575,0.0684,446958480,0.002788,0,0,1,3,3,1,1,0,0,1,1.6434,1.8421,3,interp0,1,1
639,0.7735,0.0860,446958480,0.002782,0,1,1,2,2,1,2,0,1,0,1.8867,1.8421,3,interp0,1,0
640,0.7822,0.0900,446958480,0.002777,0,0,2,0,2,1,0,1,3,1,1.6957,1.8421,8,seed0,1,1
641,0.7900,0.0849,446958480,0.002771,0,2,0,3,0,0,0,0,4,1,1.2799,1.8421,8,seed0,1,1
642,0.7851,0.0597,446958480,0.002766,0,0,0,2,2,3,1,2,0,0,1.5571,1.8421,5,interp2,1,1
643,0.7598,0.0876,446958480,0.002760,0,0,0,1,3,2,1,0,1,2,1.6957,1.8421,4,interp1,1,1
644,0.8233,0.0425,446958480,0.002755,0,0,0,3,0,5,1,0,1,0,1.1683,1.8421,5,interp2,1,1
645,0.8056,0.0763,446958480,0.002749,0,0,0,1,3,0,0,0,0,6,0.8979,1.8421,9,seed1,1,1
646,0.8466,0.1214,446958480,0.002744,0,0,0,0,0,4,0,2,2,2,1.3322,1.8421,5,interp2,1,1
647,0.8232,0.0887,446958480,0.002738,0,0,1,0,1,2,0,2,2,2,1.7481,1.8421,5,interp2,1,1
648,0.8328,0.0538,446958480,0.002733,0,0,0,3,2,2,1,0,2,0,1.5571,1.8421,3,interp0,1,1
649,0.8042,0.0876,446958480,0.002727,0,0,2,0,3,2,0,0,2,1,1.5571,1.8421,4,interp1,1,1
650,0.8104,0.1452,446958480,0.002722,0,0,0,1,1,1,1,1,2,3,1.8344,1.8421,9,seed1,1,1
651,0.8327,0.0827,446958480,0.002716,0,0,0,3,2,2,1,0,2,0,1.5571,1.8421,3,interp0,1,1
652,0.8202,0.0725,446958480,0.002711,0,0,0,2,1,1,2,0,1,3,1.6957,1.8421,9,seed1,1,1
653,0.8558,0.0763,446958480,0.002705,0,2,0,0,2,2,2,0,2,0,1.6094,1.8421,1,used,1,1
654,0.8497,0.0707,446958480,0.002700,0,0,1,2,1,2,1,0,1,2,1.8867,1.8421,3,interp0,1,0
655,0.8210,0.0687,446958480,0.002695,0,0,0,1,3,0,4,0,2,0,1.2799,1.8421,6,interp3,1,1
656,0.8253,0.1002,446958480,0.002689,0,0,0,3,1,4,0,1,1,0,1.4185,1.8421,5,interp2,1,1
657,0.8259,0.0852,446958480,0.002684,0,1,0,5,1,0,0,0,1,2,1.3592,1.8421,3,interp0,1,1
658,0.8070,0.0674,446958480,0.002679,0,0,0,2,1,0,2,0,4,1,1.4708,1.8421,8,seed0,1,1
659,0.7671,0.0553,446958480,0.002673,0,0,0,2,2,0,2,1,2,1,1.7481,1.8421,3,interp0,1,1
660,0.8366,0.0567,446958480,0.002668,0,0,0,0,2,5,1,0,0,2,1.2206,1.8421,5,interp2,1,1
661,0.8570,0.0674,446958480,0.002662,0,0,1,0,1,1,0,5,2,0,1.3592,1.8421,7,orth0,1,1
662,0.7944,0.0591,446958480,0.002657,0,0,1,0,1,0,2,0,4,2,1.4708,1.8421,8,seed0,1,1
663,0.8167,0.0654,446958480,0.002652,0,0,0,0,2,3,2,1,2,0,1.5571,1.8421,5,interp2,1,1
664,0.8008,0.0794,446958480,0.002647,0,2,0,2,1,0,2,0,0,3,1.5571,1.8421,9,seed1,1,1
665,0.7722,0.0666,446958480,0.002641,0,0,0,1,1,0,0,2,4,2,1.4708,1.8421,8,seed0,1,1
666,0.7974,0.1011,446958480,0.002636,0,0,0,1,1,0,3,1,2,2,1.6957,1.8421,6,interp3,1,1
667,0.8557,0.0378,446958480,0.002631,3,0,0,3,4,0,0,0,0,0,1.0889,1.8421,4,interp1,1,1
668,0.8095,0.0930,446958480,0.002625,0,0,0,0,0,4,0,0,6,0,0.6730,1.8421,8,seed0,1,1
669,0.6193,0.2360,446958480,0.002620,2,0,0,0,0,1,0,3,3,1,1.5048,1.8421,7,orth0,1,1
670,0.7213,0.0717,446958480,0.002615,0,0,0,5,0,3,0,1,0,1,1.1683,1.8421,3,interp0,1,1
671,0.8169,0.1173,446958480,0.002610,0,3,1,1,2,0,2,1,0,0,1.6957,1.8421,1,used,1,1
672,0.7126,0.0903,446958480,0.002604,0,1,0,0,1,2,3,0,3,0,1.5048,1.8421,6,interp3,1,1
673,0.8317,0.0717,446958480,0.002599,0,1,0,2,0,1,2,0,1,3,1.6957,1.8421,9,seed1,1,1
674,0.8617,0.0681,446958480,0.002594,0,0,1,1,2,1,3,2,0,0,1.6957,1.8421,6,interp3,1,1
675,0.8313,0.1306,446958480,0.002589,0,1,0,2,2,0,0,1,2,2,1.7481,1.8421,3,interp0,1,1
676,0.8427,0.0594,446958480,0.002584,0,0,0,1,3,3,0,0,1,2,1.5048,1.8421,4,interp1,1,1
677,0.8382,0.0530,446958480,0.002579,0,3,0,0,1,1,0,2,1,2,1.6957,1.8421,1,used,1,1
678,0.7905,0.0574,446958480,0.002573,0,0,0,1,4,2,1,0,1,1,1.6094,1.8421,4,interp1,1,1
679,0.8358,0.0358,446958480,0.002568,0,0,0,5,1,1,1,0,1,1,1.4979,1.8421,3,interp0,1,1
680,0.8352,0.0590,446958480,0.002563,0,0,0,1,2,2,1,0,2,2,1.7481,1.8421,4,interp1,1,1
681,0.8086,0.0742,446958480,0.002558,0,0,2,0,0,0,5,1,1,1,1.3592,1.8421,6,interp3,1,1
682,0.8374,0.0463,446958480,0.002553,0,0,0,0,0,6,1,1,2,0,1.0889,1.8421,5,interp2,1,1
683,0.7786,0.0678,446958480,0.002548,0,0,0,1,1,1,0,1,0,6,1.2275,1.8421,9,seed1,1,1
684,0.7293,0.4710,446958480,0.002543,0,1,0,2,0,0,1,1,4,1,1.6094,1.8421,8,seed0,1,1
685,0.7503,0.1791,446958480,0.002538,0,0,0,1,0,0,0,5,0,4,0.9433,1.8421,7,orth0,1,1
686,0.6641,0.5474,446958480,0.002533,0,2,0,0,1,0,0,2,3,2,1.5571,1.8421,8,seed0,1,1
687,0.7334,0.2923,446958480,0.002527,0,1,0,4,2,0,0,0,1,2,1.4708,1.8421,3,interp0,1,1
688,0.7959,0.0999,446958480,0.002522,0,0,1,4,0,0,2,0,1,2,1.4708,1.8421,3,interp0,1,1
689,0.8247,0.2113,446958480,0.002517,0,0,0,0,2,4,1,0,3,0,1.2799,1.8421,5,interp2,1,1
690,0.7703,0.1183,446958480,0.002512,0,0,2,0,0,0,7,0,1,0,0.8018,1.8421,6,interp3,1,1
691,0.7325,0.1991,446958480,0.002507,0,0,0,0,1,0,0,5,3,1,1.1683,1.8421,7,orth0,1,1
692,0.8191,0.1189,446958480,0.002502,0,0,0,0,2,0,5,0,2,1,1.2206,1.8421,6,interp3,1,1
693,0.8200,0.0875,446958480,0.002497,0,0,0,0,2,0,3,2,3,0,1.3662,1.8421,6,interp3,1,1
694,0.8482,0.0590,446958480,0.002492,0,0,1,4,1,0,0,0,2,2,1.4708,1.8421,3,interp0,1,1
695,0.8218,0.0881,446958480,0.002487,0,0,4,2,0,0,3,0,0,1,1.2799,1.8421,2,topk,1,1
696,0.8325,0.0647,446958480,0.002482,0,0,0,0,0,2,3,0,3,2,1.3662,1.8421,6,interp3,1,1
697,0.8393,0.1158,446958480,0.002477,0,0,3,0,0,2,3,1,1,0,1.5048,1.8421,2,topk,1,1
698,0.7963,0.1187,446958480,0.002472,0,0,0,3,0,2,2,1,2,0,1.5571,1.8421,3,interp0,1,1
699,0.7741,0.1098,446958480,0.002467,0,0,4,2,1,1,0,0,1,1,1.6094,1.8421,2,topk,1,1
700,0.7810,0.0743,446958480,0.002463,0,0,2,4,0,0,0,0,1,3,1.2799,1.8421,3,interp0,1,1
701,0.8658,0.0925,446958480,0.002458,0,0,0,3,1,0,3,1,1,1,1.6434,1.8421,3,interp0,1,1
702,0.8454,0.0813,446958480,0.002453,0,0,1,0,2,0,1,0,1,5,1.3592,1.8421,9,seed1,1,1
703,0.8152,0.0617,446958480,0.002448,0,0,2,1,0,3,1,0,0,3,1.5048,1.8421,5,interp2,1,1
704,0.8312,0.0649,446958480,0.002443,0,0,0,1,5,1,2,0,0,1,1.3592,1.8421,4,interp1,1,1
705,0.7811,0.0969,446958480,0.002438,0,4,0,0,0,0,1,0,3,2,1.2799,1.8421,1,used,1,1
706,0.7891,0.1110,446958480,0.002433,0,0,0,1,2,3,0,0,4,0,1.2799,1.8421,8,seed0,1,1
707,0.7938,0.1008,446958480,0.002428,0,1,0,0,0,0,2,2,5,0,1.2206,1.8421,8,seed0,1,1
708,0.8551,0.0569,446958480,0.002423,0,0,0,2,0,2,1,0,2,3,1.5571,1.8421,9,seed1,1,1
709,0.8024,0.0495,446958480,0.002419,0,0,0,1,1,0,1,1,4,2,1.6094,1.8421,8,seed0,1,1
710,0.8250,0.1005,446958480,0.002414,0,0,0,1,0,0,3,1,0,5,1.1683,1.8421,9,seed1,1,1
711,0.8354,0.0650,446958480,0.002409,0,0,0,0,3,0,0,0,1,6,0.8979,1.8421,9,seed1,1,1
712,0.8548,0.0746,446958480,0.002404,0,0,4,0,0,1,1,2,1,1,1.6094,1.8421,2,topk,1,1
713,0.8330,0.0666,446958480,0.002399,0,0,2,0,3,4,0,0,1,0,1.2799,1.8421,5,interp2,1,1
714,0.8218,0.0378,446958480,0.002394,0,0,0,0,1,2,5,0,1,1,1.3592,1.8421,6,interp3,1,1
715,0.8142,0.0875,446958480,0.002390,0,0,0,1,2,4,1,1,0,1,1.6094,1.8421,5,interp2,1,1
716,0.7615,0.2471,446958480,0.002385,0,0,0,0,2,0,0,1,5,2,1.2206,1.8421,8,seed0,1,1
717,0.7646,0.0786,446958480,0.002380,0,0,0,0,0,3,3,3,1,0,1.3138,1.8421,5,interp2,1,1
718,0.8450,0.0771,446958480,0.002375,0,0,0,0,2,0,6,0,0,2,0.9503,1.8421,6,interp3,1,1
719,0.8429,0.1113,446958480,0.002371,0,0,0,2,0,0,0,0,2,6,0.9503,1.8421,9,seed1,1,1
720,0.8064,0.0559,446958480,0.002366,0,0,1,0,0,0,1,1,6,1,1.2275,1.8421,8,seed0,1,1
721,0.8624,0.1074,446958480,0.002361,0,1,1,0,1,3,2,0,0,2,1.6957,1.8421,5,interp2,1,1
722,0.8076,0.0895,446958480,0.002356,0,0,1,2,1,1,2,0,1,2,1.8867,1.8421,3,interp0,1,0
723,0.8447,0.1651,446958480,0.002352,0,0,0,2,0,4,0,0,4,0,1.0549,1.8421,5,interp2,1,1
724,0.8491,0.0689,446958480,0.002347,0,0,0,0,0,4,1,2,2,1,1.4708,1.8421,5,interp2,1,1
725,0.8297,0.0741,446958480,0.002342,0,2,0,0,1,4,0,1,0,2,1.4708,1.8421,5,interp2,1,1
726,0.8354,0.0866,446958480,0.002338,0,0,0,3,1,0,0,0,3,3,1.3138,1.8421,3,interp0,1,1
727,0.8322,0.0643,446958480,0.002333,0,0,0,3,1,5,1,0,0,0,1.1683,1.8421,5,interp2,1,1
728,0.8525,0.0978,446958480,0.002328,0,0,3,0,3,1,1,0,0,2,1.5048,1.8421,2,topk,1,1
729,0.8071,0.0900,446958480,0.002324,0,0,0,0,0,2,3,1,4,0,1.2799,1.8421,8,seed0,1,1
730,0.7698,0.1057,446958480,0.002319,0,1,0,2,1,2,1,1,2,0,1.8867,1.8421,3,interp0,1,0
731,0.8338,0.0459,446958480,0.002314,0,0,0,0,0,4,2,0,3,1,1.2799,1.8421,5,interp2,1,1
732,0.8030,0.0611,446958480,0.002310,0,0,0,2,1,0,0,4,2,1,1.4708,1.8421,7,orth0,1,1
733,0.7585,0.0346,446958480,0.002305,0,0,1,1,0,2,2,0,0,4,1.4708,1.8421,9,seed1,1,1
734,0.8394,0.0775,446958480,0.002300,0,0,0,5,1,1,0,1,2,0,1.3592,1.8421,3,interp0,1,1
735,0.8211,0.0454,446958480,0.002296,0,0,0,3,0,1,0,2,0,4,1.2799,1.8421,9,seed1,1,1
736,0.8399,0.0896,446958480,0.002291,1,0,0,2,2,0,0,0,1,4,1.4708,1.8421,9,seed1,1,1
737,0.8051,0.0487,446958480,0.002287,0,0,1,0,0,0,1,4,2,2,1.4708,1.8421,7,orth0,1,1
738,0.8421,0.0847,446958480,0.002282,0,2,1,1,2,1,0,1,1,1,2.0253,1.8421,1,used,1,0
739,0.8063,0.0718,446958480,0.002278,0,0,1,2,1,2,2,0,0,2,1.7481,1.8421,3,interp0,1,1
740,0.8413,0.0647,446958480,0.002273,0,1,0,1,1,0,3,0,3,1,1.6434,1.8421,6,interp3,1,1
741,0.8251,0.0513,446958480,0.002268,0,0,0,0,2,2,0,2,3,1,1.5571,1.8421,8,seed0,1,1
742,0.8177,0.0242,446958480,0.002264,0,0,1,1,1,0,2,0,1,4,1.6094,1.8421,9,seed1,1,1
743,0.8343,0.0456,446958480,0.002259,0,1,1,0,2,0,1,0,4,1,1.6094,1.8421,8,seed0,1,1
744,0.8627,0.0778,446958480,0.002255,0,2,3,0,2,0,1,0,0,2,1.5571,1.8421,2,topk,1,1
745,0.8492,0.0445,446958480,0.002250,0,0,0,2,1,4,1,0,0,2,1.4708,1.8421,5,interp2,1,1
746,0.8353,0.0547,446958480,0.002246,0,0,0,0,4,1,2,0,1,2,1.4708,1.8421,4,interp1,1,1
747,0.8200,0.0473,446958480,0.002241,0,0,0,3,3,1,0,0,2,1,1.5048,1.8421,3,interp0,1,1
748,0.8362,0.0407,446958480,0.002237,0,0,0,2,2,0,0,0,1,5,1.2206,1.8421,9,seed1,1,1
749,0.8380,0.0495,446958480,0.002232,0,0,0,2,2,2,0,0,3,1,1.5571,1.8421,8,seed0,1,1
750,0.8584,0.0817,446958480,0.002228,0,0,3,1,0,2,0,0,3,1,1.5048,1.8421,2,topk,1,1
751,0.7886,0.0702,446958480,0.002223,0,0,0,2,1,2,0,0,1,4,1.4708,1.8421,9,seed1,1,1
752,0.7052,0.1063,446958480,0.002219,0,0,0,0,4,3,3,0,0,0,1.0889,1.8421,4,interp1,1,1
753,0.7601,0.0906,446958480,0.002215,0,0,0,7,0,1,0,0,2,0,0.8018,1.8421,3,interp0,1,1
754,0.8066,0.0873,446958480,0.002210,0,0,0,2,0,0,2,0,6,0,0.9503,1.8421,8,seed0,1,1
755,0.7774,0.0391,446958480,0.002206,0,0,0,4,2,0,1,0,2,1,1.4708,1.8421,3,interp0,1,1
756,0.7708,0.0735,446958480,0.002201,0,0,1,0,6,1,0,1,1,0,1.2275,1.8421,4,interp1,1,1
757,0.8510,0.0831,446958480,0.002197,0,0,0,5,0,2,0,0,2,1,1.2206,1.8421,3,interp0,1,1
758,0.7777,0.0754,446958480,0.002193,0,1,0,0,2,3,0,0,1,3,1.5048,1.8421,5,interp2,1,1
759,0.8461,0.0999,446958480,0.002188,0,1,0,0,0,2,0,1,2,4,1.4708,1.8421,9,seed1,1,1
760,0.7990,0.0627,446958480,0.002184,0,0,2,2,1,0,0,0,2,3,1.5571,1.8421,9,seed1,1,1
761,0.8204,0.0734,446958480,0.002179,0,0,0,4,0,2,0,0,4,0,1.0549,1.8421,3,interp0,1,1
762,0.8007,0.0820,446958480,0.002175,0,0,0,3,0,0,0,1,0,6,0.8979,1.8421,9,seed1,1,1
763,0.7243,0.1406,446958480,0.002171,0,0,1,0,0,1,4,1,0,3,1.4185,1.8421,6,interp3,1,1
764,0.7801,0.0787,446958480,0.002166,0,2,0,0,0,0,1,3,4,0,1.2799,1.8421,8,seed0,1,1
765,0.8576,0.0718,446958480,0.002162,0,1,0,4,0,1,0,1,2,1,1.6094,1.8421,3,interp0,1,1
766,0.8363,0.0616,446958480,0.002158,0,0,1,0,0,4,3,0,1,1,1.4185,1.8421,5,interp2,1,1
767,0.8580,0.0931,446958480,0.002153,0,0,0,0,0,0,2,4,1,3,1.2799,1.8421,7,orth0,1,1
768,0.8292,0.0792,446958480,0.002149,0,1,0,0,1,1,1,1,3,2,1.8344,1.8421,8,seed0,1,1
769,0.8596,0.0410,446958480,0.002145,0,0,4,2,0,0,0,0,0,4,1.0549,1.8421,2,topk,1,1
770,0.8391,0.0797,446958480,0.002141,0,0,0,0,0,6,0,1,1,2,1.0889,1.8421,5,interp2,1,1
771,0.7741,0.1229,446958480,0.002136,0,0,2,3,0,0,0,0,0,5,1.0297,1.8421,9,seed1,1,1
772,0.7765,0.0846,446958480,0.002132,0,0,0,2,1,1,0,3,0,3,1.5048,1.8421,7,orth0,1,1
773,0.8379,0.0581,446958480,0.002128,0,2,0,2,3,0,1,1,1,0,1.6957,1.8421,4,interp1,1,1
774,0.7955,0.0773,446958480,0.002123,0,0,2,2,1,2,0,1,1,1,1.8867,1.8421,2,topk,1,0
775,0.8532,0.0332,446958480,0.002119,0,0,0,1,0,1,5,0,0,3,1.1683,1.8421,6,interp3,1,1
776,0.8376,0.0649,446958480,0.002115,0,2,1,0,3,0,1,1,2,0,1.6957,1.8421,4,interp1,1,1
777,0.8380,0.0579,446958480,0.002111,0,0,0,0,3,2,0,1,3,1,1.5048,1.8421,4,interp1,1,1
778,0.8313,0.0705,446958480,0.002106,0,0,0,1,1,1,2,1,2,2,1.8867,1.8421,6,interp3,1,0
779,0.8492,0.0740,446958480,0.002102,0,0,1,3,1,1,3,0,1,0,1.6434,1.8421,3,interp0,1,1
780,0.8506,0.0489,446958480,0.002098,0,0,0,0,2,0,2,2,0,4,1.3322,1.8421,9,seed1,1,1
781,0.8179,0.0396,446958480,0.002094,0,0,4,1,2,0,0,0,0,3,1.2799,1.8421,2,topk,1,1
782,0.8519,0.0401,446958480,0.002090,0,0,0,0,3,2,0,1,4,0,1.2799,1.8421,8,seed0,1,1
783,0.8060,0.0481,446958480,0.002086,0,1,0,0,0,3,1,0,2,3,1.5048,1.8421,5,interp2,1,1
784,0.8332,0.0382,446958480,0.002081,0,1,0,0,1,1,2,1,2,2,1.8867,1.8421,6,interp3,1,0
785,0.8260,0.0322,446958480,0.002077,0,0,2,4,1,1,0,0,1,1,1.6094,1.8421,3,interp0,1,1
786,0.8215,0.0466,446958480,0.002073,0,0,4,1,0,0,1,0,2,2,1.4708,1.8421,2,topk,1,1
787,0.8502,0.0378,446958480,0.002069,0,1,4,0,3,0,2,0,0,0,1.2799,1.8421,2,topk,1,1
788,0.8072,0.0251,446958480,0.002065,0,0,0,1,6,0,1,0,1,1,1.2275,1.8421,4,interp1,1,1
789,0.8375,0.0354,446958480,0.002061,0,2,0,2,0,1,0,1,3,1,1.6957,1.8421,8,seed0,1,1
790,0.8324,0.0720,446958480,0.002056,0,0,1,3,1,4,0,0,1,0,1.4185,1.8421,5,interp2,1,1
791,0.8068,0.1138,446958480,0.002052,0,0,0,0,2,1,3,0,1,3,1.5048,1.8421,6,interp3,1,1
792,0.8047,0.0609,446958480,0.002048,0,0,0,3,0,0,0,0,2,5,1.0297,1.8421,9,seed1,1,1
793,0.7776,0.0370,446958480,0.002044,1,0,0,0,1,1,1,0,2,4,1.6094,1.8421,9,seed1,1,1
794,0.8140,0.0683,446958480,0.002040,0,0,0,1,0,2,5,0,1,1,1.3592,1.8421,6,interp3,1,1
795,0.8019,0.1197,446958480,0.002036,0,3,0,1,0,2,0,0,1,3,1.5048,1.8421,1,used,1,1
796,0.8219,0.0361,446958480,0.002032,0,0,0,1,2,0,4,3,0,0,1.2799,1.8421,6,interp3,1,1
797,0.8136,0.0839,446958480,0.002028,0,0,1,0,0,2,2,2,2,1,1.7481,1.8421,5,interp2,1,1
798,0.8398,0.0214,446958480,0.002024,0,0,0,3,1,2,2,1,1,0,1.6957,1.8421,3,interp0,1,1
799,0.8547,0.0471,446958480,0.002020,0,0,0,2,0,1,1,3,3,0,1.5048,1.8421,7,orth0,1,1
800,0.8471,0.0405,446958480,0.002016,0,0,0,2,0,3,1,0,2,2,1.5571,1.8421,5,interp2,1,1
801,0.8434,0.0707,446958480,0.002012,0,0,0,3,4,0,0,0,0,3,1.0889,1.8421,4,interp1,1,1
802,0.8078,0.0820,446958480,0.002008,0,0,0,0,1,0,1,0,6,2,1.0889,1.8421,8,seed0,1,1
803,0.7975,0.0674,446958480,0.002004,0,0,0,0,0,0,3,1,0,6,0.8979,1.8421,9,seed1,1,1
804,0.7990,0.0449,446958480,0.002000,0,2,0,0,0,0,2,1,1,4,1.4708,1.8421,9,seed1,1,1
805,0.8128,0.0611,446958480,0.001996,0,0,0,2,0,3,0,0,3,2,1.3662,1.8421,5,interp2,1,1
806,0.8304,0.0690,446958480,0.001992,0,1,2,1,0,2,0,0,3,1,1.6957,1.8421,8,seed0,1,1
807,0.7969,0.1597,446958480,0.001988,0,1,0,0,3,1,0,0,0,5,1.1683,1.8421,9,seed1,1,1
808,0.8135,0.1157,446958480,0.001984,0,0,0,1,1,1,0,0,0,7,0.9404,1.8421,9,seed1,1,1
809,0.7867,0.0591,446958480,0.001980,0,1,0,0,1,0,3,1,3,1,1.6434,1.8421,6,interp3,1,1
810,0.8174,0.0754,446958480,0.001976,0,0,0,0,0,0,6,1,2,1,1.0889,1.8421,6,interp3,1,1
811,0.8029,0.0585,446958480,0.001972,0,0,0,2,0,0,2,2,3,1,1.5571,1.8421,8,seed0,1,1
812,0.8580,0.1004,446958480,0.001968,0,1,0,5,0,0,1,0,1,2,1.3592,1.8421,3,interp0,1,1
813,0.8443,0.0338,446958480,0.001964,0,0,1,0,1,3,0,1,2,2,1.6957,1.8421,5,interp2,1,1
814,0.8647,0.0438,446958480,0.001960,0,0,1,1,1,0,3,1,0,3,1.6434,1.8421,6,interp3,1,1
815,0.8583,0.0883,446958480,0.001956,0,0,0,3,0,0,2,2,2,1,1.5571,1.8421,3,interp0,1,1
816,0.8379,0.0416,446958480,0.001952,0,1,0,0,3,1,2,0,0,3,1.5048,1.8421,4,interp1,1,1
817,0.8237,0.0308,446958480,0.001948,0,0,2,3,0,3,0,0,2,0,1.3662,1.8421,3,interp0,1,1
818,0.8157,0.0969,446958480,0.001944,0,0,1,2,1,4,1,0,1,0,1.6094,1.8421,5,interp2,1,1
819,0.7842,0.0253,446958480,0.001940,0,0,0,3,2,1,1,0,1,2,1.6957,1.8421,3,interp0,1,1
820,0.8008,0.0741,446958480,0.001937,0,1,0,1,1,4,2,0,1,0,1.6094,1.8421,5,interp2,1,1
821,0.7200,0.0658,446958480,0.001933,0,0,1,0,1,2,2,2,1,1,1.8867,1.8421,5,interp2,1,0
822,0.7646,0.1078,446958480,0.001929,0,0,0,6,0,0,0,1,1,2,1.0889,1.8421,3,interp0,1,1
823,0.7984,0.0762,446958480,0.001925,0,0,5,0,3,0,1,0,1,0,1.1683,1.8421,2,topk,1,1
824,0.7981,0.0717,446958480,0.001921,1,0,0,1,0,1,0,3,2,2,1.6957,1.8421,7,orth0,1,1
825,0.7993,0.0835,446958480,0.001917,0,0,0,4,2,0,1,1,2,0,1.4708,1.8421,3,interp0,1,1
826,0.8343,0.0381,446958480,0.001913,0,3,0,0,1,1,2,0,2,1,1.6957,1.8421,1,used,1,1
827,0.8202,0.0546,446958480,0.001910,0,0,4,0,1,0,1,0,2,2,1.4708,1.8421,2,topk,1,1
828,0.7795,0.0633,446958480,0.001906,0,1,0,0,0,3,0,0,3,3,1.3138,1.8421,5,interp2,1,1
829,0.8201,0.0542,446958480,0.001902,0,0,0,0,1,1,2,1,2,3,1.6957,1.8421,9,seed1,1,1
830,0.8642,0.0516,446958480,0.001898,0,1,0,2,5,0,1,0,1,0,1.3592,1.8421,4,interp1,1,1
831,0.8466,0.0592,446958480,0.001894,0,0,0,1,0,2,2,0,0,5,1.2206,1.8421,9,seed1,1,1
832,0.8168,0.0426,446958480,0.001891,0,0,0,3,0,4,1,1,0,1,1.4185,1.8421,5,interp2,1,1
833,0.8118,0.0584,446958480,0.001887,0,1,2,3,0,1,1,0,2,0,1.6957,1.8421,3,interp0,1,1
834,0.8113,0.0882,446958480,0.001883,0,0,0,0,2,2,1,0,2,3,1.5571,1.8421,9,seed1,1,1
835,0.8135,0.0671,446958480,0.001879,2,0,0,2,2,0,2,1,0,1,1.7481,1.8421,0,stab,1,1
836,0.6898,0.1094,446958480,0.001876,0,0,1,5,0,0,1,3,0,0,1.1683,1.8421,3,interp0,1,1
837,0.8297,0.1311,446958480,0.001872,0,0,0,0,0,5,0,0,2,3,1.0297,1.8421,5,interp2,1,1
838,0.7648,0.1018,446958480,0.001868,0,1,0,0,0,1,0,4,2,2,1.4708,1.8421,7,orth0,1,1
839,0.7916,0.1403,446958480,0.001864,0,1,0,0,0,0,4,0,5,0,0.9433,1.8421,8,seed0,1,1
840,0.8019,0.0564,446958480,0.001861,0,0,0,3,0,0,0,2,4,1,1.2799,1.8421,8,seed0,1,1
841,0.8465,0.0675,446958480,0.001857,0,0,0,1,1,2,2,0,2,2,1.7481,1.8421,5,interp2,1,1
842,0.8256,0.0543,446958480,0.001853,0,0,1,2,2,1,4,0,0,0,1.4708,1.8421,6,interp3,1,1
843,0.8017,0.0382,446958480,0.001849,0,1,0,0,2,0,2,0,3,2,1.5571,1.8421,8,seed0,1,1
844,0.7986,0.0756,446958480,0.001846,0,0,2,1,1,0,3,2,0,1,1.6957,1.8421,6,interp3,1,1
845,0.8091,0.0601,446958480,0.001842,0,1,1,3,2,0,2,0,1,0,1.6957,1.8421,3,interp0,1,1
846,0.7403,0.0868,446958480,0.001838,0,0,0,0,0,4,0,1,4,1,1.1935,1.8421,5,interp2,1,1
847,0.8319,0.0954,446958480,0.001835,0,0,0,4,0,1,4,0,1,0,1.1935,1.8421,3,interp0,1,1
848,0.8470,0.1396,446958480,0.001831,0,0,0,0,0,0,1,3,5,1,1.1683,1.8421,8,seed0,1,1
849,0.8504,0.0477,446958480,0.001827,0,0,3,0,0,0,0,0,3,4,1.0889,1.8421,9,seed1,1,1
850,0.8032,0.0659,446958480,0.001824,0,0,0,0,1,0,5,1,3,0,1.1683,1.8421,6,interp3,1,1
851,0.8276,0.0973,446958480,0.001820,0,0,0,0,0,2,0,2,4,2,1.3322,1.8421,8,seed0,1,1
852,0.8239,0.0336,446958480,0.001816,0,1,0,0,3,1,1,0,0,4,1.4185,1.8421,9,seed1,1,1
853,0.8435,0.0495,446958480,0.001813,0,0,0,0,2,0,0,0,4,4,1.0549,1.8421,8,seed0,1,1
854,0.8482,0.0451,446958480,0.001809,0,0,3,0,0,1,2,0,2,2,1.5571,1.8421,2,topk,1,1
855,0.8467,0.0616,446958480,0.001806,0,0,0,2,3,0,4,0,0,1,1.2799,1.8421,6,interp3,1,1
856,0.8120,0.0663,446958480,0.001802,0,0,0,1,1,0,2,0,0,6,1.0889,1.8421,9,seed1,1,1
857,0.8587,0.0439,446958480,0.001798,0,4,0,0,0,0,2,2,2,0,1.3322,1.8421,1,used,1,1
858,0.8363,0.0339,446958480,0.001795,0,0,1,0,0,0,1,1,0,7,0.9404,1.8421,9,seed1,1,1
859,0.8633,0.0467,446958480,0.001791,0,0,0,0,2,0,0,3,3,2,1.3662,1.8421,7,orth0,1,1
860,0.8191,0.0256,446958480,0.001788,0,0,2,1,4,0,1,0,1,1,1.6094,1.8421,4,interp1,1,1
861,0.8336,0.1135,446958480,0.001784,0,2,0,0,2,1,0,0,3,2,1.5571,1.8421,8,seed0,1,1
862,0.8526,0.0397,446958480,0.001780,0,0,0,0,3,0,5,0,2,0,1.0297,1.8421,6,interp3,1,1
863,0.8185,0.0814,446958480,0.001777,0,0,0,0,6,0,4,0,0,0,0.6730,1.8421,4,interp1,1,1
864,0.7762,0.1495,446958480,0.001773,0,0,1,0,0,0,0,1,5,3,1.1683,1.8421,8,seed0,1,1
865,0.8422,0.0643,446958480,0.001770,0,1,0,2,0,3,0,0,4,0,1.2799,1.8421,8,seed0,1,1
866,0.8205,0.0774,446958480,0.001766,0,0,1,3,0,1,2,0,1,2,1.6957,1.8421,3,interp0,1,1
867,0.8382,0.0574,446958480,0.001763,0,0,1,0,0,0,3,0,6,0,0.8979,1.8421,8,seed0,1,1
868,0.8451,0.0550,446958480,0.001759,0,0,1,1,2,0,0,2,4,0,1.4708,1.8421,8,seed0,1,1
869,0.8562,0.0370,446958480,0.001756,0,0,0,0,2,4,4,0,0,0,1.0549,1.8421,5,interp2,1,1
870,0.8417,0.0447,446958480,0.001752,0,0,0,0,0,1,5,1,0,3,1.1683,1.8421,6,interp3,1,1
871,0.8434,0.0409,446958480,0.001749,0,0,0,0,1,0,2,1,2,4,1.4708,1.8421,9,seed1,1,1
872,0.8457,0.0301,446958480,0.001745,0,0,1,4,0,1,0,0,2,2,1.4708,1.8421,3,interp0,1,1
873,0.8359,0.0400,446958480,0.001742,0,2,0,1,5,0,0,1,0,1,1.3592,1.8421,4,interp1,1,1
874,0.7407,0.0403,446958480,0.001738,0,0,0,0,2,0,1,0,1,6,1.0889,1.8421,9,seed1,1,1
875,0.7947,0.0876,446958480,0.001735,0,1,0,1,1,0,2,0,0,5,1.3592,1.8421,9,seed1,1,1
876,0.8415,0.0450,446958480,0.001731,0,0,1,0,2,0,5,0,1,1,1.3592,1.8421,6,interp3,1,1
877,0.8245,0.0221,446958480,0.001728,0,0,6,1,1,0,0,2,0,0,1.0889,1.8421,2,topk,1,1
878,0.8116,0.0418,446958480,0.001724,0,0,2,4,1,0,0,0,0,3,1.2799,1.8421,3,interp0,1,1
879,0.8160,0.0269,446958480,0.001721,0,1,0,1,0,1,3,0,4,0,1.4185,1.8421,8,seed0,1,1
880,0.8247,0.0605,446958480,0.001717,0,0,1,1,4,1,3,0,0,0,1.4185,1.8421,4,interp1,1,1
881,0.8182,0.0308,446958480,0.001714,0,3,0,0,4,0,1,0,2,0,1.2799,1.8421,4,interp1,1,1
882,0.8486,0.0369,446958480,0.001711,0,0,0,2,3,0,1,0,1,3,1.5048,1.8421,4,interp1,1,1
883,0.8661,0.0534,446958480,0.001707,0,0,0,3,3,3,0,0,1,0,1.3138,1.8421,3,interp0,1,1
884,0.8086,0.0329,446958480,0.001704,0,0,0,0,1,2,1,0,0,6,1.0889,1.8421,9,seed1,1,1
885,0.7511,0.0643,446958480,0.001700,0,0,0,0,0,1,0,0,7,2,0.8018,1.8421,8,seed0,1,1
886,0.8413,0.1254,446958480,0.001697,0,0,0,0,0,1,1,2,3,3,1.5048,1.8421,8,seed0,1,1
887,0.8549,0.0369,446958480,0.001694,0,0,0,1,4,0,4,0,0,1,1.1935,1.8421,4,interp1,1,1
888,0.8443,0.0735,446958480,0.001690,0,7,0,0,0,0,2,1,0,0,0.8018,1.8421,1,used,1,1
889,0.8510,0.0314,446958480,0.001687,0,0,2,0,0,0,3,1,2,2,1.5571,1.8421,6,interp3,1,1
890,0.8592,0.0576,446958480,0.001683,0,0,4,0,1,4,0,0,0,1,1.1935,1.8421,2,topk,1,1
891,0.8514,0.0543,446958480,0.001680,0,1,0,1,0,2,0,1,4,1,1.6094,1.8421,8,seed0,1,1
892,0.7912,0.0455,446958480,0.001677,0,0,0,5,1,1,0,0,2,1,1.3592,1.8421,3,interp0,1,1
893,0.8270,0.0570,446958480,0.001673,0,0,0,0,0,1,0,2,6,1,1.0889,1.8421,8,seed0,1,1
894,0.8481,0.0321,446958480,0.001670,0,1,0,0,0,3,0,3,2,1,1.5048,1.8421,5,interp2,1,1
895,0.8443,0.0747,446958480,0.001667,0,1,0,1,0,1,3,1,0,3,1.6434,1.8421,6,interp3,1,1
896,0.8591,0.0508,446958480,0.001663,0,1,0,0,0,1,1,4,0,3,1.4185,1.8421,7,orth0,1,1
897,0.8597,0.0480,446958480,0.001660,0,0,0,2,2,2,1,2,0,1,1.7481,1.8421,3,interp0,1,1
898,0.8477,0.0515,446958480,0.001657,0,0,0,2,3,1,2,0,2,0,1.5571,1.8421,4,interp1,1,1
899,0.8169,0.0670,446958480,0.001653,0,2,0,2,0,0,2,1,2,1,1.7481,1.8421,1,used,1,1
900,0.8349,0.1099,446958480,0.001650,0,0,1,1,2,2,1,0,0,3,1.6957,1.8421,9,seed1,1,1
901,0.8105,0.0937,446958480,0.001647,0,0,1,0,1,4,2,0,2,0,1.4708,1.8421,5,interp2,1,1
902,0.8665,0.1056,446958480,0.001643,1,2,0,1,1,0,2,1,1,1,2.0253,1.8421,1,used,1,0
903,0.8565,0.0383,446958480,0.001640,0,0,0,1,5,0,1,0,0,3,1.1683,1.8421,4,interp1,1,1
904,0.8115,0.0384,446958480,0.001637,0,0,0,0,0,5,0,0,0,5,0.6931,1.8421,5,interp2,1,1
905,0.7963,0.0507,446958480,0.001634,0,0,0,0,0,0,4,0,4,2,1.0549,1.8421,6,interp3,1,1
906,0.8103,0.0624,446958480,0.001630,0,0,0,6,0,0,0,2,0,2,0.9503,1.8421,3,interp0,1,1
907,0.8236,0.0485,446958480,0.001627,0,0,0,1,4,0,0,4,0,1,1.1935,1.8421,4,interp1,1,1
908,0.8416,0.0460,446958480,0.001624,0,1,0,0,1,1,1,3,1,2,1.8344,1.8421,7,orth0,1,1
909,0.8450,0.0276,446958480,0.001621,0,0,0,2,0,2,2,0,4,0,1.3322,1.8421,8,seed0,1,1
910,0.8498,0.1335,446958480,0.001617,0,1,0,2,0,0,1,0,4,2,1.4708,1.8421,8,seed0,1,1
911,0.8567,0.0359,446958480,0.001614,0,0,3,1,2,0,3,1,0,0,1.5048,1.8421,2,topk,1,1
912,0.8612,0.0217,446958480,0.001611,1,4,0,0,1,0,0,0,3,1,1.4185,1.8421,1,used,1,1
913,0.8380,0.0322,446958480,0.001608,0,0,0,0,0,0,0,1,5,4,0.9433,1.8421,8,seed0,1,1
914,0.8140,0.0946,446958480,0.001604,0,0,0,0,0,0,0,2,4,4,1.0549,1.8421,8,seed0,1,1
915,0.8674,0.0344,446958480,0.001601,0,0,0,0,2,1,0,0,2,5,1.2206,1.8421,9,seed1,1,1
916,0.8411,0.0574,446958480,0.001598,0,6,0,2,1,0,0,0,0,1,1.0889,1.8421,1,used,1,1
917,0.8354,0.0414,446958480,0.001595,0,0,1,3,0,3,0,0,2,1,1.5048,1.8421,3,interp0,1,1
918,0.8433,0.0286,446958480,0.001592,0,2,0,2,2,0,0,1,1,2,1.7481,1.8421,1,used,1,1
919,0.8484,0.0581,446958480,0.001588,0,1,2,0,0,3,1,0,1,2,1.6957,1.8421,5,interp2,1,1
920,0.8575,0.0345,446958480,0.001585,0,0,0,2,0,1,3,1,3,0,1.5048,1.8421,6,interp3,1,1
921,0.8414,0.0472,446958480,0.001582,0,0,0,4,3,2,0,0,1,0,1.2799,1.8421,3,interp0,1,1
922,0.8698,0.0287,446958480,0.001579,0,2,0,1,1,3,0,0,1,2,1.6957,1.8421,5,interp2,1,1
923,0.8381,0.0311,446958480,0.001576,0,0,0,0,0,0,1,1,1,7,0.9404,1.8421,9,seed1,1,1
924,0.8579,0.0523,446958480,0.001573,0,3,0,0,1,1,2,1,2,0,1.6957,1.8421,1,used,1,1
925,0.8511,0.0275,446958480,0.001569,0,1,0,3,2,1,0,0,1,2,1.6957,1.8421,3,interp0,1,1
926,0.8627,0.0249,446958480,0.001566,0,0,0,3,0,4,0,0,0,3,1.0889,1.8421,5,interp2,1,1
927,0.8482,0.0385,446958480,0.001563,0,0,0,0,6,2,0,0,2,0,0.9503,1.8421,4,interp1,1,1
928,0.8728,0.0431,446958480,0.001560,0,0,3,0,3,0,1,0,2,1,1.5048,1.8421,2,topk,1,1
929,0.8212,0.0233,446958480,0.001557,0,1,0,0,4,0,5,0,0,0,0.9433,1.8421,6,interp3,1,1
930,0.8572,0.0294,446958480,0.001554,0,0,0,2,0,1,0,3,1,3,1.5048,1.8421,7,orth0,1,1
931,0.8444,0.0210,446958480,0.001551,0,3,0,4,2,1,0,0,0,0,1.2799,1.8421,3,interp0,1,1
932,0.8656,0.0293,446958480,0.001548,0,0,0,0,0,6,0,2,1,1,1.0889,1.8421,5,interp2,1,1
933,0.8255,0.0514,446958480,0.001545,0,0,2,0,1,1,0,0,4,2,1.4708,1.8421,8,seed0,1,1
934,0.8638,0.0687,446958480,0.001541,1,4,0,0,0,2,1,1,0,1,1.6094,1.8421,1,used,1,1
935,0.8608,0.0317,446958480,0.001538,0,0,0,2,2,0,3,0,3,0,1.3662,1.8421,6,interp3,1,1
936,0.8746,0.0324,446958480,0.001535,0,0,0,2,2,0,4,0,2,0,1.3322,1.8421,6,interp3,1,1
937,0.8428,0.0223,446958480,0.001532,0,2,0,1,2,0,0,0,3,2,1.5571,1.8421,8,seed0,1,1
938,0.8544,0.0547,446958480,0.001529,0,0,0,6,1,2,0,0,0,1,1.0889,1.8421,3,interp0,1,1
939,0.8496,0.0598,446958480,0.001526,0,0,0,3,0,2,0,1,2,2,1.5571,1.8421,3,interp0,1,1
940,0.8627,0.0858,446958480,0.001523,0,0,0,2,1,1,2,0,4,0,1.4708,1.8421,8,seed0,1,1
941,0.8783,0.0309,446958480,0.001520,0,0,3,1,5,0,0,0,1,0,1.1683,1.8421,4,interp1,1,1
942,0.8587,0.0234,446958480,0.001517,0,1,0,1,1,0,2,2,1,2,1.8867,1.8421,6,interp3,1,0
943,0.8494,0.0502,446958480,0.001514,0,0,0,1,1,2,2,0,3,1,1.6957,1.8421,8,seed0,1,1
944,0.7864,0.1049,446958480,0.001511,0,0,0,2,1,0,5,2,0,0,1.2206,1.8421,6,interp3,1,1
945,0.7352,0.4206,446958480,0.001508,1,0,1,0,0,1,2,2,0,3,1.6957,1.8421,9,seed1,1,1
946,0.7878,0.2065,446958480,0.001505,0,0,0,1,4,0,0,1,4,0,1.1935,1.8421,4,interp1,1,1
947,0.5332,0.2500,446958480,0.001502,2,0,0,0,0,0,3,4,1,0,1.2799,1.8421,7,orth0,1,1
948,0.4512,0.2368,446958480,0.001499,0,4,0,0,0,1,0,1,0,4,1.1935,1.8421,1,used,1,1
949,0.7188,0.7737,446958480,0.001496,0,0,0,0,0,0,0,3,4,3,1.0889,1.8421,8,seed0,1,1
950,0.8209,0.2007,446958480,0.001493,0,0,2,0,0,1,4,3,0,0,1.2799,1.8421,6,interp3,1,1
951,0.8137,0.3314,446958480,0.001490,0,0,1,1,0,0,2,2,0,4,1.4708,1.8421,9,seed1,1,1
952,0.8360,0.0658,446958480,0.001487,1,0,0,5,0,0,1,1,1,1,1.4979,1.8421,3,interp0,1,1
953,0.7996,0.2138,446958480,0.001484,0,0,1,0,1,0,2,4,2,0,1.4708,1.8421,7,orth0,1,1
954,0.8575,0.1098,446958480,0.001481,0,1,0,0,0,0,0,6,0,3,0.8979,1.8421,7,orth0,1,1
955,0.7812,0.1325,446958480,0.001478,0,0,0,0,1,1,0,0,8,0,0.6390,1.8421,8,seed0,1,1
956,0.7870,0.2081,446958480,0.001475,0,1,2,0,0,0,1,0,5,1,1.3592,1.8421,8,seed0,1,1
957,0.7850,0.1086,446958480,0.001472,0,0,0,1,2,0,1,1,3,2,1.6957,1.8421,8,seed0,1,1
958,0.7931,0.1113,446958480,0.001469,0,0,2,0,5,0,1,2,0,0,1.2206,1.8421,4,interp1,1,1
959,0.7785,0.0929,446958480,0.001466,0,0,0,2,0,2,4,0,2,0,1.3322,1.8421,6,interp3,1,1
960,0.7962,0.2816,446958480,0.001463,0,0,1,0,0,0,0,3,4,2,1.2799,1.8421,8,seed0,1,1
961,0.7600,0.1098,446958480,0.001460,0,0,0,2,1,0,1,0,2,4,1.4708,1.8421,9,seed1,1,1
962,0.7935,0.0774,446958480,0.001457,0,1,0,2,1,0,1,3,2,0,1.6957,1.8421,7,orth0,1,1
963,0.8428,0.0783,446958480,0.001454,0,0,1,0,3,1,3,0,2,0,1.5048,1.8421,4,interp1,1,1
964,0.8315,0.0353,446958480,0.001452,1,0,1,1,0,0,3,1,0,3,1.6434,1.8421,6,interp3,1,1
965,0.8467,0.0841,446958480,0.001449,0,0,0,2,3,0,3,1,0,1,1.5048,1.8421,4,interp1,1,1
966,0.8475,0.0296,446958480,0.001446,0,2,0,4,0,0,1,0,0,3,1.2799,1.8421,3,interp0,1,1
967,0.8528,0.0506,446958480,0.001443,0,2,2,0,0,1,0,2,2,1,1.7481,1.8421,1,used,1,1
968,0.8614,0.1617,446958480,0.001440,0,0,0,0,4,2,1,0,3,0,1.2799,1.8421,4,interp1,1,1
969,0.8479,0.0825,446958480,0.001437,0,2,0,1,0,0,2,0,4,1,1.4708,1.8421,8,seed0,1,1
970,0.8191,0.0522,446958480,0.001434,0,0,0,0,0,0,0,1,7,2,0.8018,1.8421,8,seed0,1,1
971,0.8292,0.0774,446958480,0.001431,0,0,6,2,0,0,0,0,0,2,0.9503,1.8421,2,topk,1,1
972,0.8374,0.0460,446958480,0.001429,0,0,0,4,0,1,0,0,1,4,1.1935,1.8421,3,interp0,1,1
973,0.8295,0.0230,446958480,0.001426,0,1,1,0,0,0,5,0,3,0,1.1683,1.8421,6,interp3,1,1
974,0.8638,0.0642,446958480,0.001423,0,0,0,3,0,3,1,2,0,1,1.5048,1.8421,3,interp0,1,1
975,0.8391,0.0425,446958480,0.001420,0,0,0,0,1,4,2,0,3,0,1.2799,1.8421,5,interp2,1,1
976,0.8386,0.0342,446958480,0.001417,0,2,0,2,0,1,0,0,2,3,1.5571,1.8421,9,seed1,1,1
977,0.8433,0.0287,446958480,0.001414,0,0,0,2,1,0,2,1,3,1,1.6957,1.8421,8,seed0,1,1
978,0.8355,0.0484,446958480,0.001411,0,1,0,2,0,0,1,1,3,2,1.6957,1.8421,8,seed0,1,1
979,0.8485,0.0565,446958480,0.001409,0,1,0,3,0,3,0,0,1,2,1.5048,1.8421,3,interp0,1,1
980,0.8496,0.0887,446958480,0.001406,0,0,0,2,3,1,2,0,1,1,1.6957,1.8421,4,interp1,1,1
981,0.8582,0.0570,446958480,0.001403,0,0,0,0,5,0,2,0,0,3,1.0297,1.8421,4,interp1,1,1
982,0.8646,0.0197,446958480,0.001400,0,0,0,0,2,3,0,0,3,2,1.3662,1.8421,5,interp2,1,1
983,0.8619,0.0516,446958480,0.001397,0,0,1,2,4,1,0,0,0,2,1.4708,1.8421,4,interp1,1,1
984,0.8297,0.0456,446958480,0.001395,0,0,0,1,0,2,0,1,2,4,1.4708,1.8421,9,seed1,1,1
985,0.8683,0.0405,446958480,0.001392,0,2,0,3,0,1,0,2,1,1,1.6957,1.8421,3,interp0,1,1
986,0.8674,0.0424,446958480,0.001389,0,0,0,3,0,0,2,0,3,2,1.3662,1.8421,3,interp0,1,1
987,0.8179,0.1037,446958480,0.001386,0,0,0,5,0,0,2,0,1,2,1.2206,1.8421,3,interp0,1,1
988,0.7962,0.0499,446958480,0.001383,0,1,0,0,0,3,0,0,0,6,0.8979,1.8421,9,seed1,1,1
989,0.7929,0.0512,446958480,0.001381,0,0,0,0,0,0,0,1,2,7,0.8018,1.8421,9,seed1,1,1
990,0.8281,0.0489,446958480,0.001378,0,1,4,0,0,0,1,3,1,0,1.4185,1.8421,2,topk,1,1
991,0.8327,0.0269,446958480,0.001375,0,3,0,3,0,0,1,0,3,0,1.3138,1.8421,1,used,1,1
992,0.8428,0.0481,446958480,0.001372,0,0,0,1,0,2,3,1,1,2,1.6957,1.8421,6,interp3,1,1
993,0.8185,0.0701,446958480,0.001370,0,0,0,2,0,6,2,0,0,0,0.9503,1.8421,5,interp2,1,1
994,0.8778,0.0581,446958480,0.001367,0,0,2,0,0,8,0,0,0,0,0.5004,1.8421,5,interp2,1,1
995,0.8744,0.0215,446958480,0.001364,0,2,5,0,0,2,0,0,1,0,1.2206,1.8421,2,topk,1,1
996,0.8789,0.0490,446958480,0.001362,0,0,1,0,1,2,2,0,2,2,1.7481,1.8421,5,interp2,1,1
997,0.8023,0.0398,446958480,0.001359,0,0,2,0,1,3,2,0,0,2,1.5571,1.8421,5,interp2,1,1
998,0.8569,0.0385,446958480,0.001356,0,0,0,3,4,0,0,3,0,0,1.0889,1.8421,4,interp1,1,1
999,0.8707,0.0329,446958480,0.001353,0,0,0,0,0,5,1,1,2,1,1.3592,1.8421,5,interp2,1,1
