round,test_accuracy,train_loss,uplink_bytes,learning_rate,usage_stab,usage_used,usage_topk,usage_interp0,usage_interp1,entropy,tau,top1_slot,top1_label,orth_active,mut_active
0,0.2531,2.2111,446958480,0.010000,0,5,1,0,4,0.9433,1.2876,1,used,1,1
1,0.3631,1.9606,446958480,0.009980,0,10,0,0,0,0.0000,1.2876,1,used,1,1
2,0.3900,1.7578,446958480,0.009960,4,1,5,0,0,0.9433,1.2876,2,topk,1,1
3,0.4239,1.7153,446958480,0.009940,4,4,1,1,0,1.1935,1.2876,0,stab,1,1
4,0.4570,1.5290,446958480,0.009920,0,0,8,2,0,0.5004,1.2876,2,topk,1,1
5,0.4605,1.5355,446958480,0.009900,0,0,0,9,1,0.3251,1.2876,3,interp0,1,1
6,0.4798,1.4007,446958480,0.009881,0,3,0,3,4,1.0889,1.2876,4,interp1,1,1
7,0.5088,1.3243,446958480,0.009861,0,10,0,0,0,0.0000,1.2876,1,used,1,1
8,0.5197,1.2973,446958480,0.009841,6,3,1,0,0,0.8979,1.2876,0,stab,1,1
9,0.5296,1.3093,446958480,0.009821,0,10,0,0,0,0.0000,1.2876,1,used,1,1
10,0.5528,1.1804,446958480,0.009802,0,0,0,0,10,0.0000,1.2876,4,interp1,1,1
11,0.5543,1.1419,446958480,0.009782,7,3,0,0,0,0.6109,1.2876,0,stab,1,1
12,0.5740,1.0848,446958480,0.009763,1,3,0,0,6,0.8979,1.2876,4,interp1,1,1
13,0.5863,1.0863,446958480,0.009743,0,0,0,10,0,0.0000,1.2876,3,interp0,1,1
14,0.5964,0.9989,446958480,0.009724,0,0,0,10,0,0.0000,1.2876,3,interp0,1,1
15,0.5987,1.0629,446958480,0.009704,0,0,0,0,10,0.0000,1.2876,4,interp1,1,1
16,0.6129,0.9448,446958480,0.009685,8,1,1,0,0,0.6390,1.2876,0,stab,1,1
17,0.6198,0.9862,446958480,0.009665,0,0,1,0,9,0.3251,1.2876,4,interp1,1,1
18,0.6269,0.9186,446958480,0.009646,0,10,0,0,0,0.0000,1.2876,1,used,1,1
19,0.6283,0.9847,446958480,0.009627,6,2,2,0,0,0.9503,1.2876,0,stab,1,1
20,0.6456,0.8228,446958480,0.009608,0,0,0,0,10,0.0000,1.2876,4,interp1,1,1
21,0.6568,0.8141,446958480,0.009588,6,2,2,0,0,0.9503,1.2876,0,stab,1,1
22,0.6529,0.8054,446958480,0.009569,0,0,1,9,0,0.3251,1.2876,3,interp0,1,1
23,0.6378,0.9363,446958480,0.009550,0,6,0,0,4,0.6730,1.2876,1,used,1,1
24,0.6612,0.7795,446958480,0.009531,0,0,0,10,0,0.0000,1.2876,3,interp0,1,1
25,0.6612,0.7668,446958480,0.009512,6,0,4,0,0,0.6730,1.2876,0,stab,1,1
26,0.6712,0.7456,446958480,0.009493,0,0,0,9,1,0.3251,1.2876,3,interp0,1,1
27,0.6854,0.6705,446958480,0.009474,1,0,9,0,0,0.3251,1.2876,2,topk,1,1
28,0.6855,0.7031,446958480,0.009455,0,0,10,0,0,0.0000,1.2876,2,topk,1,1
29,0.6972,0.6659,446958480,0.009436,2,2,2,1,3,1.5571,1.2876,4,interp1,1,0
30,0.6849,0.7641,446958480,0.009417,0,0,10,0,0,0.0000,1.2876,2,topk,1,1
31,0.7031,0.6220,446958480,0.009398,0,0,0,2,8,0.5004,1.2876,4,interp1,1,1
32,0.6959,0.7687,446958480,0.009379,0,0,0,0,10,0.0000,1.2876,4,interp1,1,1
33,0.7102,0.6896,446958480,0.009361,0,0,0,10,0,0.0000,1.2876,3,interp0,1,1
34,0.7110,0.6422,446958480,0.009342,6,1,3,0,0,0.8979,1.2876,0,stab,1,1
35,0.7126,0.7102,446958480,0.009323,4,0,2,4,0,1.0549,1.2876,0,stab,1,1
36,0.7211,0.5575,446958480,0.009305,0,0,0,10,0,0.0000,1.2876,3,interp0,1,1
37,0.7298,0.5580,446958480,0.009286,0,0,0,2,8,0.5004,1.2876,4,interp1,1,1
38,0.7212,0.6007,446958480,0.009267,0,0,10,0,0,0.0000,1.2876,2,topk,1,1
39,0.7276,0.5603,446958480,0.009249,4,3,3,0,0,1.0889,1.2876,0,stab,1,1
40,0.7361,0.5236,446958480,0.009230,0,0,2,8,0,0.5004,1.2876,3,interp0,1,1
41,0.7390,0.5824,446958480,0.009212,5,0,5,0,0,0.6931,1.2876,0,stab,1,1
42,0.7292,0.5223,446958480,0.009194,0,0,10,0,0,0.0000,1.2876,2,topk,1,1
43,0.7280,0.5347,446958480,0.009175,0,0,0,10,0,0.0000,1.2876,3,interp0,1,1
44,0.7395,0.5077,446958480,0.009157,0,2,3,1,4,1.2799,1.2876,4,interp1,1,1
45,0.7461,0.5384,446958480,0.009138,0,0,10,0,0,0.0000,1.2876,2,topk,1,1
46,0.7474,0.5145,446958480,0.009120,5,4,1,0,0,0.9433,1.2876,0,stab,1,1
47,0.7490,0.4712,446958480,0.009102,0,0,0,0,10,0.0000,1.2876,4,interp1,1,1
48,0.7410,0.5510,446958480,0.009084,7,2,1,0,0,0.8018,1.2876,0,stab,1,1
49,0.7553,0.4399,446958480,0.009066,0,5,5,0,0,0.6931,1.2876,1,used,1,1
50,0.7635,0.4767,446958480,0.009047,0,0,0,10,0,0.0000,1.2876,3,interp0,1,1
51,0.7652,0.4191,446958480,0.009029,1,1,0,5,3,1.1683,1.2876,3,interp0,1,1
52,0.7674,0.4449,446958480,0.009011,0,10,0,0,0,0.0000,1.2876,1,used,1,1
53,0.7676,0.3845,446958480,0.008993,0,0,0,0,10,0.0000,1.2876,4,interp1,1,1
54,0.7661,0.4753,446958480,0.008975,5,3,2,0,0,1.0297,1.2876,0,stab,1,1
55,0.7683,0.4322,446958480,0.008957,0,0,2,8,0,0.5004,1.2876,3,interp0,1,1
56,0.7729,0.4223,446958480,0.008939,0,0,10,0,0,0.0000,1.2876,2,topk,1,1
57,0.7702,0.4653,446958480,0.008922,8,1,1,0,0,0.6390,1.2876,0,stab,1,1
58,0.7719,0.4418,446958480,0.008904,0,0,10,0,0,0.0000,1.2876,2,topk,1,1
59,0.7778,0.3608,446958480,0.008886,6,2,2,0,0,0.9503,1.2876,0,stab,1,1
60,0.7731,0.4595,446958480,0.008868,0,0,0,10,0,0.0000,1.2876,3,interp0,1,1
61,0.7724,0.4591,446958480,0.008850,2,4,4,0,0,1.0549,1.2876,1,used,1,1
62,0.7799,0.4147,446958480,0.008833,0,0,10,0,0,0.0000,1.2876,2,topk,1,1
63,0.7875,0.3526,446958480,0.008815,6,0,1,0,3,0.8979,1.2876,0,stab,1,1
64,0.7728,0.4045,446958480,0.008797,2,5,0,3,0,1.0297,1.2876,1,used,1,1
65,0.7936,0.3697,446958480,0.008780,0,0,1,6,3,0.8979,1.2876,3,interp0,1,1
66,0.7904,0.3405,446958480,0.008762,0,3,0,7,0,0.6109,1.2876,3,interp0,1,1
67,0.7960,0.4217,446958480,0.008745,0,0,0,0,10,0.0000,1.2876,4,interp1,1,1
68,0.7905,0.3548,446958480,0.008727,5,3,2,0,0,1.0297,1.2876,0,stab,1,1
69,0.7975,0.3435,446958480,0.008710,9,0,1,0,0,0.3251,1.2876,0,stab,1,1
70,0.7976,0.3625,446958480,0.008692,0,0,10,0,0,0.0000,1.2876,2,topk,1,1
71,0.7944,0.3270,446958480,0.008675,7,1,2,0,0,0.8018,1.2876,0,stab,1,1
72,0.7912,0.3997,446958480,0.008658,0,9,0,1,0,0.3251,1.2876,1,used,1,1
73,0.7961,0.3582,446958480,0.008640,0,0,10,0,0,0.0000,1.2876,2,topk,1,1
74,0.7970,0.2883,446958480,0.008623,8,1,1,0,0,0.6390,1.2876,0,stab,1,1
75,0.8002,0.3194,446958480,0.008606,0,0,1,4,5,0.9433,1.2876,4,interp1,1,1
76,0.8016,0.3064,446958480,0.008589,2,7,0,1,0,0.8018,1.2876,1,used,1,1
77,0.7933,0.3179,446958480,0.008571,0,0,4,6,0,0.6730,1.2876,3,interp0,1,1
78,0.7957,0.3711,446958480,0.008554,2,2,3,2,1,1.5571,1.2876,2,topk,1,0
79,0.7963,0.3478,446958480,0.008537,0,0,1,0,9,0.3251,1.2876,4,interp1,1,1
80,0.8011,0.3033,446958480,0.008520,0,0,0,0,10,0.0000,1.2876,4,interp1,1,1
81,0.7983,0.3277,446958480,0.008503,4,4,1,0,1,1.1935,1.2876,0,stab,1,1
82,0.8090,0.3057,446958480,0.008486,0,0,9,1,0,0.3251,1.2876,2,topk,1,1
83,0.8106,0.2814,446958480,0.008469,1,0,9,0,0,0.3251,1.2876,2,topk,1,1
84,0.8035,0.2967,446958480,0.008452,0,1,0,9,0,0.3251,1.2876,3,interp0,1,1
85,0.8029,0.3080,446958480,0.008435,4,1,4,1,0,1.1935,1.2876,0,stab,1,1
86,0.8009,0.3377,446958480,0.008418,5,3,2,0,0,1.0297,1.2876,0,stab,1,1
87,0.8148,0.3320,446958480,0.008402,0,6,0,4,0,0.6730,1.2876,1,used,1,1
88,0.8147,0.2659,446958480,0.008385,0,0,10,0,0,0.0000,1.2876,2,topk,1,1
89,0.8175,0.2632,446958480,0.008368,4,4,2,0,0,1.0549,1.2876,0,stab,1,1
90,0.8195,0.2600,446958480,0.008351,0,10,0,0,0,0.0000,1.2876,1,used,1,1
91,0.8173,0.2583,446958480,0.008334,5,3,2,0,0,1.0297,1.2876,0,stab,1,1
92,0.8210,0.2684,446958480,0.008318,0,0,0,10,0,0.0000,1.2876,3,interp0,1,1
93,0.8195,0.2611,446958480,0.008301,0,0,0,10,0,0.0000,1.2876,3,interp0,1,1
94,0.8165,0.2336,446958480,0.008285,4,2,3,0,1,1.2799,1.2876,0,stab,1,1
95,0.8060,0.4085,446958480,0.008268,0,4,0,2,4,1.0549,1.2876,1,used,1,1
96,0.8174,0.2184,446958480,0.008251,0,8,0,2,0,0.5004,1.2876,1,used,1,1
97,0.8139,0.2521,446958480,0.008235,0,0,0,0,10,0.0000,1.2876,4,interp1,1,1
98,0.8199,0.2449,446958480,0.008219,0,0,0,10,0,0.0000,1.2876,3,interp0,1,1
99,0.8207,0.2783,446958480,0.008202,5,3,2,0,0,1.0297,1.2876,0,stab,1,1
100,0.8262,0.2376,446958480,0.008186,0,1,7,0,2,0.8018,1.2876,2,topk,1,1
101,0.8205,0.2463,446958480,0.008169,0,6,1,3,0,0.8979,1.2876,1,used,1,1
102,0.8187,0.2720,446958480,0.008153,0,0,5,3,2,1.0297,1.2876,2,topk,1,1
103,0.8188,0.2543,446958480,0.008137,0,0,9,0,1,0.3251,1.2876,2,topk,1,1
104,0.8264,0.2236,446958480,0.008120,0,0,10,0,0,0.0000,1.2876,2,topk,1,1
105,0.8309,0.2476,446958480,0.008104,1,2,0,0,7,0.8018,1.2876,4,interp1,1,1
106,0.8251,0.2163,446958480,0.008088,0,0,2,8,0,0.5004,1.2876,3,interp0,1,1
107,0.8252,0.2476,446958480,0.008072,0,0,3,0,7,0.6109,1.2876,4,interp1,1,1
108,0.8266,0.2729,446958480,0.008056,0,0,3,6,1,0.8979,1.2876,3,interp0,1,1
109,0.8156,0.3570,446958480,0.008039,0,3,4,2,1,1.2799,1.2876,2,topk,1,1
110,0.8267,0.2848,446958480,0.008023,1,0,4,1,4,1.1935,1.2876,2,topk,1,1
111,0.8322,0.2257,446958480,0.008007,0,1,3,6,0,0.8979,1.2876,3,interp0,1,1
112,0.8334,0.2421,446958480,0.007991,1,5,1,1,2,1.3592,1.2876,1,used,1,0
113,0.8303,0.2515,446958480,0.007975,1,4,2,0,3,1.2799,1.2876,1,used,1,1
114,0.8355,0.2126,446958480,0.007959,0,7,3,0,0,0.6109,1.2876,1,used,1,1
115,0.8377,0.2051,446958480,0.007944,0,0,5,5,0,0.6931,1.2876,2,topk,1,1
116,0.8305,0.2313,446958480,0.007928,0,0,4,6,0,0.6730,1.2876,3,interp0,1,1
117,0.8329,0.2410,446958480,0.007912,0,9,1,0,0,0.3251,1.2876,1,used,1,1
118,0.8376,0.1980,446958480,0.007896,1,3,5,1,0,1.1683,1.2876,2,topk,1,1
119,0.8350,0.2173,446958480,0.007880,0,8,0,2,0,0.5004,1.2876,1,used,1,1
120,0.8358,0.1954,446958480,0.007864,0,0,4,0,6,0.6730,1.2876,4,interp1,1,1
121,0.8351,0.2031,446958480,0.007849,0,0,9,1,0,0.3251,1.2876,2,topk,1,1
122,0.8343,0.2246,446958480,0.007833,0,7,3,0,0,0.6109,1.2876,1,used,1,1
123,0.8358,0.2296,446958480,0.007817,0,0,7,0,3,0.6109,1.2876,2,topk,1,1
124,0.8362,0.2274,446958480,0.007802,0,0,7,1,2,0.8018,1.2876,2,topk,1,1
125,0.8361,0.1885,446958480,0.007786,1,0,4,3,2,1.2799,1.2876,2,topk,1,1
126,0.8353,0.2235,446958480,0.007770,0,0,3,3,4,1.0889,1.2876,4,interp1,1,1
127,0.8266,0.3054,446958480,0.007755,0,0,3,4,3,1.0889,1.2876,3,interp0,1,1
128,0.8362,0.2285,446958480,0.007739,0,1,0,6,3,0.8979,1.2876,3,interp0,1,1
129,0.8377,0.2187,446958480,0.007724,0,0,9,1,0,0.3251,1.2876,2,topk,1,1
130,0.8401,0.2044,446958480,0.007709,0,0,9,1,0,0.3251,1.2876,2,topk,1,1
131,0.8399,0.2046,446958480,0.007693,0,0,3,0,7,0.6109,1.2876,4,interp1,1,1
132,0.8427,0.2069,446958480,0.007678,0,3,4,3,0,1.0889,1.2876,2,topk,1,1
133,0.8358,0.2121,446958480,0.007662,0,1,9,0,0,0.3251,1.2876,2,topk,1,1
134,0.8435,0.2358,446958480,0.007647,0,4,5,0,1,0.9433,1.2876,2,topk,1,1
135,0.8460,0.1949,446958480,0.007632,0,1,7,1,1,0.9404,1.2876,2,topk,1,1
136,0.8442,0.2027,446958480,0.007616,0,1,0,0,9,0.3251,1.2876,4,interp1,1,1
137,0.8462,0.1702,446958480,0.007601,0,4,6,0,0,0.6730,1.2876,2,topk,1,1
138,0.8427,0.1705,446958480,0.007586,0,0,7,1,2,0.8018,1.2876,2,topk,1,1
139,0.8452,0.1932,446958480,0.007571,0,3,3,3,1,1.3138,1.2876,1,used,1,0
140,0.8456,0.2220,446958480,0.007556,0,5,5,0,0,0.6931,1.2876,1,used,1,1
141,0.8492,0.1677,446958480,0.007541,0,0,5,5,0,0.6931,1.2876,2,topk,1,1
142,0.8370,0.2345,446958480,0.007526,0,0,0,10,0,0.0000,1.2876,3,interp0,1,1
143,0.8418,0.1640,446958480,0.007510,1,4,0,0,5,0.9433,1.2876,4,interp1,1,1
144,0.8463,0.1505,446958480,0.007495,0,3,3,4,0,1.0889,1.2876,3,interp0,1,1
145,0.8440,0.1556,446958480,0.007480,0,0,7,2,1,0.8018,1.2876,2,topk,1,1
146,0.8467,0.1915,446958480,0.007466,0,0,5,3,2,1.0297,1.2876,2,topk,1,1
147,0.8482,0.1874,446958480,0.007451,0,0,3,2,5,1.0297,1.2876,4,interp1,1,1
148,0.8464,0.1883,446958480,0.007436,0,3,4,1,2,1.2799,1.2876,2,topk,1,1
149,0.8413,0.2264,446958480,0.007421,0,0,2,0,8,0.5004,1.2876,4,interp1,1,1
150,0.8455,0.1962,446958480,0.007406,0,1,8,1,0,0.6390,1.2876,2,topk,1,1
151,0.8457,0.2307,446958480,0.007391,0,2,5,3,0,1.0297,1.2876,2,topk,1,1
152,0.8489,0.2327,446958480,0.007376,0,3,4,3,0,1.0889,1.2876,2,topk,1,1
153,0.8513,0.1990,446958480,0.007362,0,6,3,1,0,0.8979,1.2876,1,used,1,1
154,0.8497,0.1509,446958480,0.007347,0,2,2,2,4,1.3322,1.2876,4,interp1,1,0
155,0.8540,0.1822,446958480,0.007332,0,0,5,2,3,1.0297,1.2876,2,topk,1,1
156,0.8484,0.2046,446958480,0.007318,0,1,5,4,0,0.9433,1.2876,2,topk,1,1
157,0.8508,0.1763,446958480,0.007303,0,5,3,0,2,1.0297,1.2876,1,used,1,1
158,0.8531,0.1794,446958480,0.007288,1,0,7,2,0,0.8018,1.2876,2,topk,1,1
159,0.8565,0.1480,446958480,0.007274,0,2,4,4,0,1.0549,1.2876,2,topk,1,1
160,0.8541,0.1269,446958480,0.007259,0,0,4,6,0,0.6730,1.2876,3,interp0,1,1
161,0.8515,0.2063,446958480,0.007245,0,5,5,0,0,0.6931,1.2876,1,used,1,1
162,0.8574,0.1640,446958480,0.007230,0,0,6,4,0,0.6730,1.2876,2,topk,1,1
163,0.8597,0.1639,446958480,0.007216,0,4,6,0,0,0.6730,1.2876,2,topk,1,1
164,0.8497,0.1988,446958480,0.007201,0,0,4,6,0,0.6730,1.2876,3,interp0,1,1
165,0.8536,0.1389,446958480,0.007187,0,0,2,8,0,0.5004,1.2876,3,interp0,1,1
166,0.8568,0.1390,446958480,0.007172,0,1,5,4,0,0.9433,1.2876,2,topk,1,1
167,0.8537,0.1374,446958480,0.007158,1,0,7,0,2,0.8018,1.2876,2,topk,1,1
168,0.8566,0.2170,446958480,0.007144,0,2,4,0,4,1.0549,1.2876,2,topk,1,1
169,0.8540,0.1784,446958480,0.007130,0,0,3,7,0,0.6109,1.2876,3,interp0,1,1
170,0.8514,0.1683,446958480,0.007115,0,0,4,3,3,1.0889,1.2876,2,topk,1,1
171,0.8555,0.1612,446958480,0.007101,1,0,4,3,2,1.2799,1.2876,2,topk,1,1
172,0.8529,0.1904,446958480,0.007087,0,1,5,3,1,1.1683,1.2876,2,topk,1,1
173,0.8564,0.1380,446958480,0.007073,0,0,3,4,3,1.0889,1.2876,3,interp0,1,1
174,0.8589,0.1660,446958480,0.007059,0,0,4,3,3,1.0889,1.2876,2,topk,1,1
175,0.8569,0.1574,446958480,0.007044,0,0,3,5,2,1.0297,1.2876,3,interp0,1,1
176,0.8525,0.2205,446958480,0.007030,0,4,5,0,1,0.9433,1.2876,2,topk,1,1
177,0.8607,0.1570,446958480,0.007016,0,3,5,2,0,1.0297,1.2876,2,topk,1,1
178,0.8573,0.1456,446958480,0.007002,0,2,5,3,0,1.0297,1.2876,2,topk,1,1
179,0.8573,0.1701,446958480,0.006988,0,1,8,1,0,0.6390,1.2876,2,topk,1,1
180,0.8581,0.1624,446958480,0.006974,0,4,3,3,0,1.0889,1.2876,1,used,1,1
181,0.8598,0.1457,446958480,0.006960,0,0,4,2,4,1.0549,1.2876,2,topk,1,1
182,0.8580,0.1590,446958480,0.006946,0,4,5,1,0,0.9433,1.2876,2,topk,1,1
183,0.8626,0.1243,446958480,0.006932,0,4,4,2,0,1.0549,1.2876,1,used,1,1
184,0.8596,0.1532,446958480,0.006919,0,0,2,1,7,0.8018,1.2876,4,interp1,1,1
185,0.8625,0.1803,446958480,0.006905,0,0,5,3,2,1.0297,1.2876,2,topk,1,1
186,0.8605,0.1572,446958480,0.006891,1,0,5,3,1,1.1683,1.2876,2,topk,1,1
187,0.8626,0.1343,446958480,0.006877,0,3,4,3,0,1.0889,1.2876,2,topk,1,1
188,0.8614,0.1543,446958480,0.006863,0,0,2,3,5,1.0297,1.2876,4,interp1,1,1
189,0.8651,0.1568,446958480,0.006850,0,4,2,4,0,1.0549,1.2876,1,used,1,1
190,0.8602,0.1667,446958480,0.006836,0,5,1,4,0,0.9433,1.2876,1,used,1,1
191,0.8626,0.1376,446958480,0.006822,0,3,4,3,0,1.0889,1.2876,2,topk,1,1
192,0.8642,0.1421,446958480,0.006809,0,0,5,0,5,0.6931,1.2876,2,topk,1,1
193,0.8641,0.1050,446958480,0.006795,0,0,4,0,6,0.6730,1.2876,4,interp1,1,1
194,0.8600,0.1315,446958480,0.006781,0,0,1,9,0,0.3251,1.2876,3,interp0,1,1
195,0.8655,0.1194,446958480,0.006768,0,0,4,2,4,1.0549,1.2876,2,topk,1,1
196,0.8672,0.1303,446958480,0.006754,0,1,4,2,3,1.2799,1.2876,2,topk,1,1
197,0.8652,0.1482,446958480,0.006741,0,2,4,2,2,1.3322,1.2876,2,topk,1,0
198,0.8678,0.1294,446958480,0.006727,0,0,3,1,6,0.8979,1.2876,4,interp1,1,1
199,0.8672,0.0998,446958480,0.006714,0,3,4,3,0,1.0889,1.2876,2,topk,1,1
200,0.8682,0.1160,446958480,0.006701,0,0,1,4,5,0.9433,1.2876,4,interp1,1,1
201,0.8631,0.1775,446958480,0.006687,0,3,3,2,2,1.3662,1.2876,1,used,1,0
202,0.8640,0.1335,446958480,0.006674,0,6,4,0,0,0.6730,1.2876,1,used,1,1
203,0.8651,0.1326,446958480,0.006660,0,0,5,0,5,0.6931,1.2876,2,topk,1,1
204,0.8685,0.1422,446958480,0.006647,0,0,7,0,3,0.6109,1.2876,2,topk,1,1
205,0.8579,0.2052,446958480,0.006634,0,0,5,5,0,0.6931,1.2876,2,topk,1,1
206,0.8687,0.1209,446958480,0.006621,6,0,4,0,0,0.6730,1.2876,0,stab,1,1
207,0.8670,0.1260,446958480,0.006607,0,0,4,0,6,0.6730,1.2876,4,interp1,1,1
208,0.8621,0.1643,446958480,0.006594,0,0,5,2,3,1.0297,1.2876,2,topk,1,1
209,0.8652,0.1415,446958480,0.006581,0,0,6,3,1,0.8979,1.2876,2,topk,1,1
210,0.8649,0.1252,446958480,0.006568,0,2,2,2,4,1.3322,1.2876,4,interp1,1,0
211,0.8696,0.1124,446958480,0.006555,0,0,3,4,3,1.0889,1.2876,3,interp0,1,1
212,0.8655,0.1320,446958480,0.006541,0,2,3,3,2,1.3662,1.2876,2,topk,1,0
213,0.8655,0.1375,446958480,0.006528,0,1,4,0,5,0.9433,1.2876,4,interp1,1,1
214,0.8640,0.1698,446958480,0.006515,0,2,3,0,5,1.0297,1.2876,4,interp1,1,1
215,0.8726,0.1175,446958480,0.006502,0,4,2,1,3,1.2799,1.2876,1,used,1,1
216,0.8694,0.1597,446958480,0.006489,0,0,6,2,2,0.9503,1.2876,2,topk,1,1
217,0.8704,0.1044,446958480,0.006476,0,7,1,2,0,0.8018,1.2876,1,used,1,1
218,0.8680,0.1579,446958480,0.006463,0,0,4,6,0,0.6730,1.2876,3,interp0,1,1
219,0.8671,0.1219,446958480,0.006450,0,0,5,5,0,0.6931,1.2876,2,topk,1,1
220,0.8702,0.1088,446958480,0.006438,0,2,8,0,0,0.5004,1.2876,2,topk,1,1
221,0.8697,0.1602,446958480,0.006425,0,0,4,0,6,0.6730,1.2876,4,interp1,1,1
222,0.8712,0.1187,446958480,0.006412,0,0,7,0,3,0.6109,1.2876,2,topk,1,1
223,0.8727,0.0914,446958480,0.006399,0,0,3,0,7,0.6109,1.2876,4,interp1,1,1
224,0.8709,0.1136,446958480,0.006386,0,3,7,0,0,0.6109,1.2876,2,topk,1,1
225,0.8722,0.0936,446958480,0.006373,0,0,4,0,6,0.6730,1.2876,4,interp1,1,1
226,0.8596,0.2106,446958480,0.006361,0,5,5,0,0,0.6931,1.2876,1,used,1,1
227,0.8692,0.1313,446958480,0.006348,0,9,1,0,0,0.3251,1.2876,1,used,1,1
228,0.8707,0.1190,446958480,0.006335,0,0,4,0,6,0.6730,1.2876,4,interp1,1,1
229,0.8691,0.1052,446958480,0.006323,0,0,5,0,5,0.6931,1.2876,2,topk,1,1
230,0.8673,0.1822,446958480,0.006310,7,0,2,0,1,0.8018,1.2876,0,stab,1,1
231,0.8691,0.1389,446958480,0.006297,0,4,3,2,1,1.2799,1.2876,1,used,1,1
232,0.8672,0.1437,446958480,0.006285,0,3,5,0,2,1.0297,1.2876,2,topk,1,1
233,0.8668,0.1252,446958480,0.006272,0,2,3,2,3,1.3662,1.2876,2,topk,1,0
234,0.8700,0.1280,446958480,0.006260,0,3,3,4,0,1.0889,1.2876,3,interp0,1,1
235,0.8711,0.1118,446958480,0.006247,0,0,5,2,3,1.0297,1.2876,2,topk,1,1
236,0.8678,0.1028,446958480,0.006235,0,4,3,1,2,1.2799,1.2876,1,used,1,1
237,0.8710,0.1283,446958480,0.006222,0,1,4,0,5,0.9433,1.2876,4,interp1,1,1
238,0.8689,0.1031,446958480,0.006210,0,0,2,7,1,0.8018,1.2876,3,interp0,1,1
239,0.8710,0.1156,446958480,0.006197,0,2,2,6,0,0.9503,1.2876,3,interp0,1,1
240,0.8737,0.1045,446958480,0.006185,0,2,4,4,0,1.0549,1.2876,2,topk,1,1
241,0.8709,0.0944,446958480,0.006172,0,1,3,5,1,1.1683,1.2876,3,interp0,1,1
242,0.8683,0.1259,446958480,0.006160,0,2,4,3,1,1.2799,1.2876,2,topk,1,1
243,0.8706,0.1161,446958480,0.006148,1,0,2,6,1,1.0889,1.2876,3,interp0,1,1
244,0.8695,0.1583,446958480,0.006136,0,3,4,0,3,1.0889,1.2876,2,topk,1,1
245,0.8720,0.0937,446958480,0.006123,0,1,6,2,1,1.0889,1.2876,2,topk,1,1
246,0.8729,0.1168,446958480,0.006111,0,5,3,2,0,1.0297,1.2876,1,used,1,1
247,0.8713,0.1045,446958480,0.006099,0,3,4,3,0,1.0889,1.2876,2,topk,1,1
248,0.8694,0.0972,446958480,0.006087,0,0,7,0,3,0.6109,1.2876,2,topk,1,1
249,0.8745,0.0915,446958480,0.006074,0,0,4,2,4,1.0549,1.2876,2,topk,1,1
250,0.8722,0.0954,446958480,0.006062,0,4,5,1,0,0.9433,1.2876,2,topk,1,1
251,0.8704,0.1012,446958480,0.006050,0,2,5,3,0,1.0297,1.2876,2,topk,1,1
252,0.8716,0.1315,446958480,0.006038,0,0,5,4,1,0.9433,1.2876,2,topk,1,1
253,0.8709,0.0844,446958480,0.006026,0,5,3,2,0,1.0297,1.2876,1,used,1,1
254,0.8726,0.0850,446958480,0.006014,0,3,3,4,0,1.0889,1.2876,3,interp0,1,1
255,0.8708,0.0862,446958480,0.006002,0,0,1,7,2,0.8018,1.2876,3,interp0,1,1
256,0.8744,0.0930,446958480,0.005990,0,0,5,2,3,1.0297,1.2876,2,topk,1,1
257,0.8751,0.1172,446958480,0.005978,0,2,4,0,4,1.0549,1.2876,2,topk,1,1
258,0.8698,0.1319,446958480,0.005966,0,0,5,2,3,1.0297,1.2876,2,topk,1,1
259,0.8732,0.0894,446958480,0.005954,0,0,5,4,1,0.9433,1.2876,2,topk,1,1
260,0.8692,0.1276,446958480,0.005942,0,0,3,1,6,0.8979,1.2876,4,interp1,1,1
261,0.8755,0.0846,446958480,0.005930,0,1,6,0,3,0.8979,1.2876,2,topk,1,1
262,0.8742,0.0807,446958480,0.005918,0,3,5,2,0,1.0297,1.2876,2,topk,1,1
263,0.8761,0.1015,446958480,0.005907,0,0,6,0,4,0.6730,1.2876,2,topk,1,1
264,0.8735,0.1060,446958480,0.005895,0,0,5,5,0,0.6931,1.2876,2,topk,1,1
265,0.8720,0.1216,446958480,0.005883,4,0,6,0,0,0.6730,1.2876,2,topk,1,1
266,0.8754,0.0902,446958480,0.005871,1,0,5,4,0,0.9433,1.2876,2,topk,1,1
267,0.8750,0.0974,446958480,0.005859,2,0,2,4,2,1.3322,1.2876,3,interp0,1,0
268,0.8771,0.0920,446958480,0.005848,0,4,5,1,0,0.9433,1.2876,2,topk,1,1
269,0.8748,0.1125,446958480,0.005836,0,4,4,2,0,1.0549,1.2876,1,used,1,1
270,0.8775,0.0861,446958480,0.005824,0,3,2,1,4,1.2799,1.2876,4,interp1,1,1
271,0.8788,0.0915,446958480,0.005813,0,1,6,2,1,1.0889,1.2876,2,topk,1,1
272,0.8765,0.0823,446958480,0.005801,0,1,4,0,5,0.9433,1.2876,4,interp1,1,1
273,0.8748,0.0887,446958480,0.005789,0,2,0,3,5,1.0297,1.2876,4,interp1,1,1
274,0.8782,0.1048,446958480,0.005778,0,0,5,3,2,1.0297,1.2876,2,topk,1,1
275,0.8776,0.0921,446958480,0.005766,0,0,5,3,2,1.0297,1.2876,2,topk,1,1
276,0.8766,0.0842,446958480,0.005755,0,3,2,0,5,1.0297,1.2876,4,interp1,1,1
277,0.8758,0.0939,446958480,0.005743,0,1,5,0,4,0.9433,1.2876,2,topk,1,1
278,0.8670,0.1465,446958480,0.005732,0,3,4,0,3,1.0889,1.2876,2,topk,1,1
279,0.8780,0.0896,446958480,0.005720,0,0,5,1,4,0.9433,1.2876,2,topk,1,1
280,0.8725,0.1528,446958480,0.005709,0,4,2,0,4,1.0549,1.2876,1,used,1,1
281,0.8745,0.1097,446958480,0.005697,0,5,3,2,0,1.0297,1.2876,1,used,1,1
282,0.8815,0.0739,446958480,0.005686,0,3,4,3,0,1.0889,1.2876,2,topk,1,1
283,0.8809,0.0738,446958480,0.005675,0,3,4,0,3,1.0889,1.2876,2,topk,1,1
284,0.8759,0.0677,446958480,0.005663,0,4,4,0,2,1.0549,1.2876,1,used,1,1
285,0.8761,0.0912,446958480,0.005652,0,3,4,0,3,1.0889,1.2876,2,topk,1,1
286,0.8786,0.0665,446958480,0.005641,0,3,5,1,1,1.1683,1.2876,2,topk,1,1
287,0.8784,0.0878,446958480,0.005629,0,3,1,5,1,1.1683,1.2876,3,interp0,1,1
288,0.8764,0.0814,446958480,0.005618,0,2,0,4,4,1.0549,1.2876,3,interp0,1,1
289,0.8761,0.0844,446958480,0.005607,0,2,6,0,2,0.9503,1.2876,2,topk,1,1
290,0.8785,0.0620,446958480,0.005596,0,0,2,0,8,0.5004,1.2876,4,interp1,1,1
291,0.8774,0.0760,446958480,0.005585,0,2,8,0,0,0.5004,1.2876,2,topk,1,1
292,0.8771,0.0801,446958480,0.005573,0,0,6,0,4,0.6730,1.2876,2,topk,1,1
293,0.8762,0.0991,446958480,0.005562,0,0,6,4,0,0.6730,1.2876,2,topk,1,1
294,0.8818,0.0723,446958480,0.005551,0,0,3,7,0,0.6109,1.2876,3,interp0,1,1
295,0.8794,0.0724,446958480,0.005540,0,0,8,0,2,0.5004,1.2876,2,topk,1,1
296,0.8824,0.0681,446958480,0.005529,0,0,7,0,3,0.6109,1.2876,2,topk,1,1
297,0.8823,0.0790,446958480,0.005518,0,0,5,5,0,0.6931,1.2876,2,topk,1,1
298,0.8800,0.0737,446958480,0.005507,0,0,4,0,6,0.6730,1.2876,4,interp1,1,1
299,0.8804,0.0862,446958480,0.005496,0,7,3,0,0,0.6109,1.2876,1,used,1,1
300,0.8813,0.0600,446958480,0.005485,0,4,4,0,2,1.0549,1.2876,1,used,1,1
301,0.8788,0.0680,446958480,0.005474,0,3,3,0,4,1.0889,1.2876,4,interp1,1,1
302,0.8790,0.0923,446958480,0.005463,0,0,5,3,2,1.0297,1.2876,2,topk,1,1
303,0.8787,0.0661,446958480,0.005452,2,4,1,3,0,1.2799,1.2876,1,used,1,1
304,0.8785,0.0722,446958480,0.005441,1,1,3,5,0,1.1683,1.2876,3,interp0,1,1
305,0.8786,0.0681,446958480,0.005430,0,1,7,2,0,0.8018,1.2876,2,topk,1,1
306,0.8811,0.0651,446958480,0.005419,0,5,3,0,2,1.0297,1.2876,1,used,1,1
307,0.8798,0.0616,446958480,0.005408,0,1,3,3,3,1.3138,1.2876,2,topk,1,0
308,0.8793,0.0746,446958480,0.005398,0,5,3,1,1,1.1683,1.2876,1,used,1,1
309,0.8830,0.0765,446958480,0.005387,0,3,1,3,3,1.3138,1.2876,1,used,1,0
310,0.8798,0.0884,446958480,0.005376,1,0,7,0,2,0.8018,1.2876,2,topk,1,1
311,0.8809,0.0770,446958480,0.005365,0,1,1,5,3,1.1683,1.2876,3,interp0,1,1
312,0.8832,0.0753,446958480,0.005355,0,1,5,3,1,1.1683,1.2876,2,topk,1,1
313,0.8791,0.1038,446958480,0.005344,0,1,3,0,6,0.8979,1.2876,4,interp1,1,1
314,0.8804,0.0968,446958480,0.005333,0,4,2,0,4,1.0549,1.2876,1,used,1,1
315,0.8746,0.1269,446958480,0.005323,0,0,4,2,4,1.0549,1.2876,2,topk,1,1
316,0.8787,0.0639,446958480,0.005312,0,3,5,2,0,1.0297,1.2876,2,topk,1,1
317,0.8801,0.1020,446958480,0.005301,1,2,5,0,2,1.2206,1.2876,2,topk,1,1
318,0.8775,0.0779,446958480,0.005291,0,1,2,3,4,1.2799,1.2876,4,interp1,1,1
319,0.8812,0.0765,446958480,0.005280,0,1,0,4,5,0.9433,1.2876,4,interp1,1,1
320,0.8753,0.1044,446958480,0.005270,0,1,4,1,4,1.1935,1.2876,2,topk,1,1
321,0.8750,0.0817,446958480,0.005259,0,1,6,3,0,0.8979,1.2876,2,topk,1,1
322,0.8782,0.0859,446958480,0.005248,0,2,6,0,2,0.9503,1.2876,2,topk,1,1
323,0.8728,0.0903,446958480,0.005238,0,6,1,0,3,0.8979,1.2876,1,used,1,1
324,0.8783,0.0734,446958480,0.005228,0,2,4,2,2,1.3322,1.2876,2,topk,1,0
325,0.8814,0.0596,446958480,0.005217,0,0,5,5,0,0.6931,1.2876,2,topk,1,1
326,0.8829,0.0660,446958480,0.005207,0,0,5,0,5,0.6931,1.2876,2,topk,1,1
327,0.8806,0.0604,446958480,0.005196,0,5,5,0,0,0.6931,1.2876,1,used,1,1
328,0.8840,0.1065,446958480,0.005186,0,0,4,6,0,0.6730,1.2876,3,interp0,1,1
329,0.8787,0.0769,446958480,0.005175,0,0,4,6,0,0.6730,1.2876,3,interp0,1,1
330,0.8739,0.0913,446958480,0.005165,0,0,5,0,5,0.6931,1.2876,2,topk,1,1
331,0.8789,0.0719,446958480,0.005155,0,0,3,7,0,0.6109,1.2876,3,interp0,1,1
332,0.8763,0.0851,446958480,0.005144,0,1,4,0,5,0.9433,1.2876,4,interp1,1,1
333,0.8820,0.0753,446958480,0.005134,0,2,5,2,1,1.2206,1.2876,2,topk,1,1
334,0.8794,0.0906,446958480,0.005124,0,1,4,2,3,1.2799,1.2876,2,topk,1,1
335,0.8780,0.0870,446958480,0.005114,0,2,2,3,3,1.3662,1.2876,3,interp0,1,0
336,0.8816,0.0702,446958480,0.005103,0,0,6,3,1,0.8979,1.2876,2,topk,1,1
337,0.8811,0.0804,446958480,0.005093,0,0,5,2,3,1.0297,1.2876,2,topk,1,1
338,0.8819,0.0795,446958480,0.005083,2,2,3,3,0,1.3662,1.2876,2,topk,1,0
339,0.8843,0.0627,446958480,0.005073,0,2,4,4,0,1.0549,1.2876,2,topk,1,1
340,0.8799,0.0799,446958480,0.005063,0,0,2,3,5,1.0297,1.2876,4,interp1,1,1
341,0.8803,0.0660,446958480,0.005053,0,0,2,4,4,1.0549,1.2876,3,interp0,1,1
342,0.8810,0.0809,446958480,0.005042,0,0,4,4,2,1.0549,1.2876,2,topk,1,1
343,0.8832,0.0573,446958480,0.005032,0,1,4,5,0,0.9433,1.2876,3,interp0,1,1
344,0.8825,0.0656,446958480,0.005022,0,2,4,0,4,1.0549,1.2876,2,topk,1,1
345,0.8818,0.0569,446958480,0.005012,1,4,2,0,3,1.2799,1.2876,1,used,1,1
346,0.8815,0.0692,446958480,0.005002,0,0,1,3,6,0.8979,1.2876,4,interp1,1,1
347,0.8827,0.0691,446958480,0.004992,0,1,4,3,2,1.2799,1.2876,2,topk,1,1
348,0.8839,0.0670,446958480,0.004982,0,0,1,0,9,0.3251,1.2876,4,interp1,1,1
349,0.8838,0.0472,446958480,0.004972,0,3,7,0,0,0.6109,1.2876,2,topk,1,1
350,0.8875,0.0696,446958480,0.004962,1,0,5,4,0,0.9433,1.2876,2,topk,1,1
351,0.8795,0.0880,446958480,0.004952,0,1,5,0,4,0.9433,1.2876,2,topk,1,1
352,0.8817,0.0822,446958480,0.004943,0,1,3,3,3,1.3138,1.2876,2,topk,1,0
353,0.8822,0.0639,446958480,0.004933,1,0,0,1,8,0.6390,1.2876,4,interp1,1,1
354,0.8871,0.0616,446958480,0.004923,0,3,2,5,0,1.0297,1.2876,3,interp0,1,1
355,0.8879,0.0460,446958480,0.004913,0,0,5,2,3,1.0297,1.2876,2,topk,1,1
356,0.8811,0.0831,446958480,0.004903,0,2,3,0,5,1.0297,1.2876,4,interp1,1,1
357,0.8849,0.0547,446958480,0.004893,0,0,5,4,1,0.9433,1.2876,2,topk,1,1
358,0.8885,0.0487,446958480,0.004884,0,5,2,3,0,1.0297,1.2876,1,used,1,1
359,0.8893,0.0661,446958480,0.004874,0,0,2,6,2,0.9503,1.2876,3,interp0,1,1
360,0.8902,0.0598,446958480,0.004864,0,2,3,3,2,1.3662,1.2876,2,topk,1,0
361,0.8866,0.0622,446958480,0.004854,0,1,2,2,5,1.2206,1.2876,4,interp1,1,1
362,0.8880,0.0778,446958480,0.004845,0,0,5,5,0,0.6931,1.2876,2,topk,1,1
363,0.8861,0.0710,446958480,0.004835,0,0,6,0,4,0.6730,1.2876,2,topk,1,1
364,0.8843,0.0599,446958480,0.004825,0,0,5,5,0,0.6931,1.2876,2,topk,1,1
365,0.8913,0.0641,446958480,0.004816,0,0,5,5,0,0.6931,1.2876,2,topk,1,1
366,0.8843,0.0569,446958480,0.004806,9,0,1,0,0,0.3251,1.2876,0,stab,1,1
367,0.8875,0.0600,446958480,0.004796,0,0,5,5,0,0.6931,1.2876,2,topk,1,1
368,0.8858,0.0663,446958480,0.004787,0,0,5,5,0,0.6931,1.2876,2,topk,1,1
369,0.8833,0.0657,446958480,0.004777,0,0,7,3,0,0.6109,1.2876,2,topk,1,1
370,0.8842,0.0712,446958480,0.004768,0,0,6,4,0,0.6730,1.2876,2,topk,1,1
371,0.8809,0.0582,446958480,0.004758,0,6,4,0,0,0.6730,1.2876,1,used,1,1
372,0.8871,0.0640,446958480,0.004749,0,0,4,0,6,0.6730,1.2876,4,interp1,1,1
373,0.8878,0.0505,446958480,0.004739,0,4,6,0,0,0.6730,1.2876,2,topk,1,1
374,0.8854,0.0479,446958480,0.004730,0,0,5,0,5,0.6931,1.2876,2,topk,1,1
375,0.8872,0.0550,446958480,0.004720,0,0,5,5,0,0.6931,1.2876,2,topk,1,1
376,0.8877,0.0546,446958480,0.004711,0,5,4,0,1,0.9433,1.2876,1,used,1,1
377,0.8881,0.0413,446958480,0.004701,0,1,3,4,2,1.2799,1.2876,3,interp0,1,1
378,0.8821,0.0997,446958480,0.004692,0,0,7,1,2,0.8018,1.2876,2,topk,1,1
379,0.8873,0.0525,446958480,0.004682,0,3,5,2,0,1.0297,1.2876,2,topk,1,1
380,0.8802,0.0819,446958480,0.004673,0,0,3,0,7,0.6109,1.2876,4,interp1,1,1
381,0.8813,0.0967,446958480,0.004664,0,0,3,4,3,1.0889,1.2876,3,interp0,1,1
382,0.8843,0.1029,446958480,0.004654,0,0,5,1,4,0.9433,1.2876,2,topk,1,1
383,0.8870,0.0619,446958480,0.004645,0,0,2,3,5,1.0297,1.2876,4,interp1,1,1
384,0.8840,0.0639,446958480,0.004636,0,8,2,0,0,0.5004,1.2876,1,used,1,1
385,0.8849,0.0516,446958480,0.004627,0,6,4,0,0,0.6730,1.2876,1,used,1,1
386,0.8835,0.0523,446958480,0.004617,0,0,7,3,0,0.6109,1.2876,2,topk,1,1
387,0.8886,0.0477,446958480,0.004608,0,0,6,4,0,0.6730,1.2876,2,topk,1,1
388,0.8854,0.0750,446958480,0.004599,0,0,7,3,0,0.6109,1.2876,2,topk,1,1
389,0.8877,0.0523,446958480,0.004590,0,0,5,0,5,0.6931,1.2876,2,topk,1,1
390,0.8881,0.0406,446958480,0.004580,0,0,3,0,7,0.6109,1.2876,4,interp1,1,1
391,0.8839,0.1140,446958480,0.004571,0,0,5,5,0,0.6931,1.2876,2,topk,1,1
392,0.8903,0.0648,446958480,0.004562,6,0,4,0,0,0.6730,1.2876,0,stab,1,1
393,0.8883,0.0517,446958480,0.004553,0,0,3,6,1,0.8979,1.2876,3,interp0,1,1
394,0.8843,0.0564,446958480,0.004544,0,0,5,2,3,1.0297,1.2876,2,topk,1,1
395,0.8894,0.0600,446958480,0.004535,1,0,4,3,2,1.2799,1.2876,2,topk,1,1
396,0.8892,0.0450,446958480,0.004526,0,2,1,3,4,1.2799,1.2876,4,interp1,1,1
397,0.8886,0.0501,446958480,0.004517,0,1,2,3,4,1.2799,1.2876,4,interp1,1,1
398,0.8894,0.0534,446958480,0.004508,0,0,4,3,3,1.0889,1.2876,2,topk,1,1
399,0.8898,0.0377,446958480,0.004499,0,5,5,0,0,0.6931,1.2876,1,used,1,1
400,0.8847,0.0584,446958480,0.004490,0,0,4,0,6,0.6730,1.2876,4,interp1,1,1
401,0.8858,0.0696,446958480,0.004481,0,0,7,0,3,0.6109,1.2876,2,topk,1,1
402,0.8866,0.0551,446958480,0.004472,0,0,6,0,4,0.6730,1.2876,2,topk,1,1
403,0.8904,0.0434,446958480,0.004463,1,3,6,0,0,0.8979,1.2876,2,topk,1,1
404,0.8909,0.0319,446958480,0.004454,0,5,3,0,2,1.0297,1.2876,1,used,1,1
405,0.8886,0.0393,446958480,0.004445,0,0,3,3,4,1.0889,1.2876,4,interp1,1,1
406,0.8915,0.0487,446958480,0.004436,0,1,5,3,1,1.1683,1.2876,2,topk,1,1
407,0.8901,0.0454,446958480,0.004427,0,2,6,2,0,0.9503,1.2876,2,topk,1,1
408,0.8923,0.0402,446958480,0.004418,0,0,7,2,1,0.8018,1.2876,2,topk,1,1
409,0.8855,0.1224,446958480,0.004410,0,5,3,0,2,1.0297,1.2876,1,used,1,1
410,0.8873,0.0549,446958480,0.004401,0,1,1,5,3,1.1683,1.2876,3,interp0,1,1
411,0.8890,0.0573,446958480,0.004392,0,1,6,0,3,0.8979,1.2876,2,topk,1,1
412,0.8875,0.0434,446958480,0.004383,0,2,4,4,0,1.0549,1.2876,2,topk,1,1
413,0.8885,0.0526,446958480,0.004374,0,1,6,0,3,0.8979,1.2876,2,topk,1,1
414,0.8911,0.0416,446958480,0.004366,0,4,3,1,2,1.2799,1.2876,1,used,1,1
415,0.8852,0.0866,446958480,0.004357,0,2,8,0,0,0.5004,1.2876,2,topk,1,1
416,0.8880,0.0801,446958480,0.004348,0,5,5,0,0,0.6931,1.2876,1,used,1,1
417,0.8865,0.0910,446958480,0.004339,0,0,4,0,6,0.6730,1.2876,4,interp1,1,1
418,0.8906,0.0587,446958480,0.004331,0,5,5,0,0,0.6931,1.2876,1,used,1,1
419,0.8909,0.0492,446958480,0.004322,0,0,4,6,0,0.6730,1.2876,3,interp0,1,1
420,0.8926,0.0456,446958480,0.004313,0,0,8,0,2,0.5004,1.2876,2,topk,1,1
421,0.8920,0.0424,446958480,0.004305,0,7,3,0,0,0.6109,1.2876,1,used,1,1
422,0.8918,0.0383,446958480,0.004296,0,3,7,0,0,0.6109,1.2876,2,topk,1,1
423,0.8931,0.0398,446958480,0.004288,0,0,4,3,3,1.0889,1.2876,2,topk,1,1
424,0.8921,0.0438,446958480,0.004279,0,0,3,3,4,1.0889,1.2876,4,interp1,1,1
425,0.8948,0.0601,446958480,0.004271,0,0,3,2,5,1.0297,1.2876,4,interp1,1,1
426,0.8911,0.0695,446958480,0.004262,0,4,2,0,4,1.0549,1.2876,1,used,1,1
427,0.8888,0.0822,446958480,0.004253,0,1,6,1,2,1.0889,1.2876,2,topk,1,1
428,0.8909,0.0473,446958480,0.004245,0,1,2,4,3,1.2799,1.2876,3,interp0,1,1
429,0.8916,0.0707,446958480,0.004236,0,0,3,4,3,1.0889,1.2876,3,interp0,1,1
430,0.8884,0.0640,446958480,0.004228,0,1,6,2,1,1.0889,1.2876,2,topk,1,1
431,0.8909,0.0463,446958480,0.004220,0,1,7,0,2,0.8018,1.2876,2,topk,1,1
432,0.8899,0.0486,446958480,0.004211,1,3,5,1,0,1.1683,1.2876,2,topk,1,1
433,0.8901,0.0494,446958480,0.004203,0,0,6,2,2,0.9503,1.2876,2,topk,1,1
434,0.8933,0.0515,446958480,0.004194,1,1,7,0,1,0.9404,1.2876,2,topk,1,1
435,0.8903,0.0656,446958480,0.004186,0,2,6,2,0,0.9503,1.2876,2,topk,1,1
436,0.8915,0.0728,446958480,0.004177,0,3,3,3,1,1.3138,1.2876,1,used,1,0
437,0.8884,0.0541,446958480,0.004169,0,1,3,3,3,1.3138,1.2876,2,topk,1,0
438,0.8900,0.0551,446958480,0.004161,2,1,4,3,0,1.2799,1.2876,2,topk,1,1
439,0.8892,0.0712,446958480,0.004152,0,1,3,4,2,1.2799,1.2876,3,interp0,1,1
440,0.8888,0.0426,446958480,0.004144,0,5,2,3,0,1.0297,1.2876,1,used,1,1
441,0.8869,0.1065,446958480,0.004136,0,2,5,2,1,1.2206,1.2876,2,topk,1,1
442,0.8861,0.0604,446958480,0.004128,0,0,6,1,3,0.8979,1.2876,2,topk,1,1
443,0.8873,0.0559,446958480,0.004119,0,0,3,4,3,1.0889,1.2876,3,interp0,1,1
444,0.8895,0.0516,446958480,0.004111,0,1,3,3,3,1.3138,1.2876,2,topk,1,0
445,0.8908,0.0429,446958480,0.004103,0,0,5,1,4,0.9433,1.2876,2,topk,1,1
446,0.8870,0.0515,446958480,0.004095,0,4,4,0,2,1.0549,1.2876,1,used,1,1
447,0.8856,0.0517,446958480,0.004087,1,0,5,3,1,1.1683,1.2876,2,topk,1,1
448,0.8889,0.0429,446958480,0.004078,0,4,4,2,0,1.0549,1.2876,1,used,1,1
449,0.8888,0.0543,446958480,0.004070,0,1,3,2,4,1.2799,1.2876,4,interp1,1,1
450,0.8882,0.0752,446958480,0.004062,0,3,1,1,5,1.1683,1.2876,4,interp1,1,1
451,0.8897,0.0558,446958480,0.004054,0,0,4,3,3,1.0889,1.2876,2,topk,1,1
452,0.8911,0.0405,446958480,0.004046,0,0,5,3,2,1.0297,1.2876,2,topk,1,1
453,0.8904,0.0451,446958480,0.004038,0,0,2,1,7,0.8018,1.2876,4,interp1,1,1
454,0.8945,0.0338,446958480,0.004030,0,5,2,3,0,1.0297,1.2876,1,used,1,1
455,0.8913,0.0342,446958480,0.004022,3,2,2,3,0,1.3662,1.2876,0,stab,1,0
456,0.8902,0.0798,446958480,0.004014,0,3,3,2,2,1.3662,1.2876,1,used,1,0
457,0.8880,0.0503,446958480,0.004006,0,2,4,1,3,1.2799,1.2876,2,topk,1,1
458,0.8885,0.0441,446958480,0.003997,0,3,5,2,0,1.0297,1.2876,2,topk,1,1
459,0.8920,0.0455,446958480,0.003989,0,0,4,6,0,0.6730,1.2876,3,interp0,1,1
460,0.8882,0.0563,446958480,0.003982,0,0,1,9,0,0.3251,1.2876,3,interp0,1,1
461,0.8871,0.0660,446958480,0.003974,0,0,1,3,6,0.8979,1.2876,4,interp1,1,1
462,0.8888,0.0429,446958480,0.003966,0,2,4,4,0,1.0549,1.2876,2,topk,1,1
463,0.8893,0.0526,446958480,0.003958,6,1,2,1,0,1.0889,1.2876,0,stab,1,1
464,0.8912,0.0352,446958480,0.003950,0,1,5,2,2,1.2206,1.2876,2,topk,1,1
465,0.8916,0.0374,446958480,0.003942,0,5,4,1,0,0.9433,1.2876,1,used,1,1
466,0.8903,0.0370,446958480,0.003934,0,3,4,3,0,1.0889,1.2876,2,topk,1,1
467,0.8891,0.0344,446958480,0.003926,0,0,6,3,1,0.8979,1.2876,2,topk,1,1
468,0.8907,0.0380,446958480,0.003918,0,3,5,0,2,1.0297,1.2876,2,topk,1,1
469,0.8887,0.0349,446958480,0.003910,0,1,1,5,3,1.1683,1.2876,3,interp0,1,1
470,0.8888,0.0582,446958480,0.003903,0,1,1,2,6,1.0889,1.2876,4,interp1,1,1
471,0.8903,0.0506,446958480,0.003895,0,0,4,3,3,1.0889,1.2876,2,topk,1,1
472,0.8881,0.0450,446958480,0.003887,0,0,6,1,3,0.8979,1.2876,2,topk,1,1
473,0.8899,0.0422,446958480,0.003879,0,2,5,0,3,1.0297,1.2876,2,topk,1,1
474,0.8900,0.0340,446958480,0.003871,0,0,3,2,5,1.0297,1.2876,4,interp1,1,1
475,0.8943,0.0430,446958480,0.003864,0,0,4,2,4,1.0549,1.2876,2,topk,1,1
476,0.8933,0.0301,446958480,0.003856,0,0,5,1,4,0.9433,1.2876,2,topk,1,1
477,0.8930,0.0320,446958480,0.003848,0,0,8,2,0,0.5004,1.2876,2,topk,1,1
478,0.8908,0.0354,446958480,0.003841,0,0,4,6,0,0.6730,1.2876,3,interp0,1,1
479,0.8923,0.0381,446958480,0.003833,0,3,6,1,0,0.8979,1.2876,2,topk,1,1
480,0.8932,0.0447,446958480,0.003825,0,1,6,0,3,0.8979,1.2876,2,topk,1,1
481,0.8922,0.0338,446958480,0.003818,0,1,4,0,5,0.9433,1.2876,4,interp1,1,1
482,0.8920,0.0335,446958480,0.003810,0,3,4,0,3,1.0889,1.2876,2,topk,1,1
483,0.8953,0.0393,446958480,0.003802,0,3,3,2,2,1.3662,1.2876,1,used,1,0
484,0.8917,0.0641,446958480,0.003795,0,0,4,1,5,0.9433,1.2876,4,interp1,1,1
485,0.8915,0.0335,446958480,0.003787,1,5,2,0,2,1.2206,1.2876,1,used,1,1
486,0.8954,0.0316,446958480,0.003780,0,1,6,2,1,1.0889,1.2876,2,topk,1,1
487,0.8896,0.0910,446958480,0.003772,0,1,0,3,6,0.8979,1.2876,4,interp1,1,1
488,0.8896,0.0392,446958480,0.003764,0,3,3,0,4,1.0889,1.2876,4,interp1,1,1
489,0.8906,0.0317,446958480,0.003757,0,0,2,8,0,0.5004,1.2876,3,interp0,1,1
490,0.8906,0.0504,446958480,0.003749,0,0,5,0,5,0.6931,1.2876,2,topk,1,1
491,0.8905,0.0312,446958480,0.003742,0,5,5,0,0,0.6931,1.2876,1,used,1,1
492,0.8894,0.0635,446958480,0.003734,0,0,6,4,0,0.6730,1.2876,2,topk,1,1
493,0.8893,0.0480,446958480,0.003727,0,0,7,0,3,0.6109,1.2876,2,topk,1,1
494,0.8886,0.0576,446958480,0.003720,0,0,5,5,0,0.6931,1.2876,2,topk,1,1
495,0.8928,0.0311,446958480,0.003712,3,0,7,0,0,0.6109,1.2876,2,topk,1,1
496,0.8904,0.0518,446958480,0.003705,0,0,3,0,7,0.6109,1.2876,4,interp1,1,1
497,0.8923,0.0321,446958480,0.003697,0,0,6,3,1,0.8979,1.2876,2,topk,1,1
498,0.8921,0.0270,446958480,0.003690,0,2,5,0,3,1.0297,1.2876,2,topk,1,1
499,0.8955,0.0400,446958480,0.003682,0,1,3,3,3,1.3138,1.2876,2,topk,1,0
500,0.8894,0.0360,446958480,0.003675,2,3,4,1,0,1.2799,1.2876,2,topk,1,1
501,0.8911,0.0328,446958480,0.003668,0,3,4,0,3,1.0889,1.2876,2,topk,1,1
502,0.8957,0.0345,446958480,0.003660,0,0,4,5,1,0.9433,1.2876,3,interp0,1,1
503,0.8965,0.0297,446958480,0.003653,0,7,0,3,0,0.6109,1.2876,1,used,1,1
504,0.8930,0.0310,446958480,0.003646,0,6,4,0,0,0.6730,1.2876,1,used,1,1
505,0.8927,0.0243,446958480,0.003639,0,0,5,5,0,0.6931,1.2876,2,topk,1,1
506,0.8947,0.0235,446958480,0.003631,6,0,4,0,0,0.6730,1.2876,0,stab,1,1
507,0.8939,0.0273,446958480,0.003624,0,0,5,0,5,0.6931,1.2876,2,topk,1,1
508,0.8926,0.0372,446958480,0.003617,2,0,8,0,0,0.5004,1.2876,2,topk,1,1
509,0.8894,0.0867,446958480,0.003609,0,2,6,0,2,0.9503,1.2876,2,topk,1,1
510,0.8907,0.0748,446958480,0.003602,0,0,2,2,6,0.9503,1.2876,4,interp1,1,1
511,0.8938,0.0345,446958480,0.003595,0,0,2,4,4,1.0549,1.2876,3,interp0,1,1
512,0.8922,0.0281,446958480,0.003588,0,0,7,1,2,0.8018,1.2876,2,topk,1,1
513,0.8942,0.0239,446958480,0.003581,0,5,4,0,1,0.9433,1.2876,1,used,1,1
514,0.8924,0.0286,446958480,0.003574,0,4,4,0,2,1.0549,1.2876,1,used,1,1
515,0.8927,0.0280,446958480,0.003566,0,0,8,1,1,0.6390,1.2876,2,topk,1,1
516,0.8929,0.0286,446958480,0.003559,0,5,3,2,0,1.0297,1.2876,1,used,1,1
517,0.8911,0.0400,446958480,0.003552,0,3,6,0,1,0.8979,1.2876,2,topk,1,1
518,0.8939,0.0316,446958480,0.003545,0,2,4,2,2,1.3322,1.2876,2,topk,1,0
519,0.8913,0.0596,446958480,0.003538,0,4,3,0,3,1.0889,1.2876,1,used,1,1
520,0.8932,0.0326,446958480,0.003531,0,0,2,4,4,1.0549,1.2876,3,interp0,1,1
521,0.8921,0.0363,446958480,0.003524,0,0,7,1,2,0.8018,1.2876,2,topk,1,1
522,0.8937,0.0255,446958480,0.003517,0,2,3,1,4,1.2799,1.2876,4,interp1,1,1
523,0.8912,0.0327,446958480,0.003510,0,3,2,3,2,1.3662,1.2876,1,used,1,0
524,0.8945,0.0319,446958480,0.003503,0,1,5,1,3,1.1683,1.2876,2,topk,1,1
525,0.8950,0.0278,446958480,0.003496,0,0,6,2,2,0.9503,1.2876,2,topk,1,1
526,0.8930,0.0350,446958480,0.003489,0,0,8,1,1,0.6390,1.2876,2,topk,1,1
527,0.8941,0.0315,446958480,0.003482,0,1,4,0,5,0.9433,1.2876,4,interp1,1,1
528,0.8947,0.0260,446958480,0.003475,0,2,1,0,7,0.8018,1.2876,4,interp1,1,1
529,0.8929,0.0434,446958480,0.003468,1,0,3,0,6,0.8979,1.2876,4,interp1,1,1
530,0.8932,0.0447,446958480,0.003461,0,4,4,1,1,1.1935,1.2876,1,used,1,1
531,0.8926,0.0320,446958480,0.003454,0,1,2,4,3,1.2799,1.2876,3,interp0,1,1
532,0.8885,0.0467,446958480,0.003447,0,0,3,1,6,0.8979,1.2876,4,interp1,1,1
533,0.8902,0.0303,446958480,0.003440,0,0,3,5,2,1.0297,1.2876,3,interp0,1,1
534,0.8930,0.0371,446958480,0.003433,0,0,1,7,2,0.8018,1.2876,3,interp0,1,1
535,0.8906,0.0588,446958480,0.003426,0,3,5,0,2,1.0297,1.2876,2,topk,1,1
536,0.8836,0.0768,446958480,0.003420,1,1,1,7,0,0.9404,1.2876,3,interp0,1,1
537,0.8924,0.0432,446958480,0.003413,0,4,3,2,1,1.2799,1.2876,1,used,1,1
538,0.8940,0.0393,446958480,0.003406,0,2,2,1,5,1.2206,1.2876,4,interp1,1,1
539,0.8928,0.0541,446958480,0.003399,0,6,3,0,1,0.8979,1.2876,1,used,1,1
540,0.8923,0.0335,446958480,0.003392,0,2,4,0,4,1.0549,1.2876,2,topk,1,1
541,0.8910,0.0378,446958480,0.003386,0,0,9,0,1,0.3251,1.2876,2,topk,1,1
542,0.8947,0.0588,446958480,0.003379,0,0,5,0,5,0.6931,1.2876,2,topk,1,1
543,0.8944,0.0357,446958480,0.003372,0,0,7,3,0,0.6109,1.2876,2,topk,1,1
544,0.8921,0.0671,446958480,0.003365,0,7,3,0,0,0.6109,1.2876,1,used,1,1
545,0.8912,0.0517,446958480,0.003358,0,0,4,0,6,0.6730,1.2876,4,interp1,1,1
546,0.8929,0.0451,446958480,0.003352,0,0,4,6,0,0.6730,1.2876,3,interp0,1,1
547,0.8940,0.0439,446958480,0.003345,0,1,4,5,0,0.9433,1.2876,3,interp0,1,1
548,0.8947,0.0256,446958480,0.003338,0,1,5,0,4,0.9433,1.2876,2,topk,1,1
549,0.8942,0.0542,446958480,0.003332,0,1,1,4,4,1.1935,1.2876,3,interp0,1,1
550,0.8964,0.0251,446958480,0.003325,0,2,1,2,5,1.2206,1.2876,4,interp1,1,1
551,0.8915,0.0263,446958480,0.003318,0,1,5,1,3,1.1683,1.2876,2,topk,1,1
552,0.8915,0.0237,446958480,0.003312,0,3,5,1,1,1.1683,1.2876,2,topk,1,1
553,0.8956,0.0242,446958480,0.003305,0,0,8,2,0,0.5004,1.2876,2,topk,1,1
554,0.8937,0.0247,446958480,0.003299,0,0,6,4,0,0.6730,1.2876,2,topk,1,1
555,0.8971,0.0323,446958480,0.003292,0,4,6,0,0,0.6730,1.2876,2,topk,1,1
556,0.8944,0.0261,446958480,0.003285,0,0,7,3,0,0.6109,1.2876,2,topk,1,1
557,0.8948,0.0240,446958480,0.003279,0,0,5,5,0,0.6931,1.2876,2,topk,1,1
558,0.8934,0.0203,446958480,0.003272,0,0,5,5,0,0.6931,1.2876,2,topk,1,1
559,0.8961,0.0268,446958480,0.003266,0,0,6,4,0,0.6730,1.2876,2,topk,1,1
560,0.8932,0.0209,446958480,0.003259,0,0,5,5,0,0.6931,1.2876,2,topk,1,1
561,0.8954,0.0226,446958480,0.003253,0,0,5,0,5,0.6931,1.2876,2,topk,1,1
562,0.8972,0.0213,446958480,0.003246,0,0,6,4,0,0.6730,1.2876,2,topk,1,1
563,0.8960,0.0338,446958480,0.003240,0,0,6,0,4,0.6730,1.2876,2,topk,1,1
564,0.8939,0.0546,446958480,0.003233,0,0,3,7,0,0.6109,1.2876,3,interp0,1,1
565,0.8950,0.0247,446958480,0.003227,0,5,4,0,1,0.9433,1.2876,1,used,1,1
566,0.8932,0.0208,446958480,0.003220,0,2,6,2,0,0.9503,1.2876,2,topk,1,1
567,0.8945,0.0244,446958480,0.003214,0,1,7,2,0,0.8018,1.2876,2,topk,1,1
568,0.8925,0.0377,446958480,0.003207,0,0,2,4,4,1.0549,1.2876,3,interp0,1,1
569,0.8897,0.0393,446958480,0.003201,0,0,7,2,1,0.8018,1.2876,2,topk,1,1
570,0.8887,0.0424,446958480,0.003195,0,1,5,4,0,0.9433,1.2876,2,topk,1,1
571,0.8957,0.0357,446958480,0.003188,0,0,5,5,0,0.6931,1.2876,2,topk,1,1
572,0.8963,0.0335,446958480,0.003182,7,0,3,0,0,0.6109,1.2876,0,stab,1,1
573,0.8949,0.0272,446958480,0.003175,0,0,6,0,4,0.6730,1.2876,2,topk,1,1
574,0.8961,0.0181,446958480,0.003169,0,8,2,0,0,0.5004,1.2876,1,used,1,1
575,0.8933,0.0232,446958480,0.003163,0,6,4,0,0,0.6730,1.2876,1,used,1,1
576,0.8945,0.0227,446958480,0.003156,0,0,7,0,3,0.6109,1.2876,2,topk,1,1
577,0.8952,0.0210,446958480,0.003150,0,0,6,0,4,0.6730,1.2876,2,topk,1,1
578,0.8926,0.0273,446958480,0.003144,0,0,5,0,5,0.6931,1.2876,2,topk,1,1
579,0.8840,0.0852,446958480,0.003137,0,0,6,0,4,0.6730,1.2876,2,topk,1,1
580,0.8915,0.0384,446958480,0.003131,0,0,5,5,0,0.6931,1.2876,2,topk,1,1
581,0.8949,0.0255,446958480,0.003125,6,0,4,0,0,0.6730,1.2876,0,stab,1,1
582,0.8941,0.0219,446958480,0.003119,0,0,7,0,3,0.6109,1.2876,2,topk,1,1
583,0.8977,0.0255,446958480,0.003112,0,0,4,6,0,0.6730,1.2876,3,interp0,1,1
584,0.8941,0.0241,446958480,0.003106,0,0,5,0,5,0.6931,1.2876,2,topk,1,1
585,0.8924,0.0222,446958480,0.003100,0,0,2,8,0,0.5004,1.2876,3,interp0,1,1
586,0.8960,0.0215,446958480,0.003094,0,6,1,0,3,0.8979,1.2876,1,used,1,1
587,0.8942,0.0234,446958480,0.003088,0,6,1,3,0,0.8979,1.2876,1,used,1,1
588,0.8958,0.0314,446958480,0.003081,0,5,2,0,3,1.0297,1.2876,1,used,1,1
589,0.8952,0.0189,446958480,0.003075,0,0,3,2,5,1.0297,1.2876,4,interp1,1,1
590,0.8925,0.0210,446958480,0.003069,0,0,7,1,2,0.8018,1.2876,2,topk,1,1
591,0.8925,0.0231,446958480,0.003063,0,1,6,3,0,0.8979,1.2876,2,topk,1,1
592,0.8942,0.0229,446958480,0.003057,0,2,3,2,3,1.3662,1.2876,2,topk,1,0
593,0.8948,0.0210,446958480,0.003051,0,0,5,1,4,0.9433,1.2876,2,topk,1,1
594,0.8918,0.0174,446958480,0.003045,0,2,3,5,0,1.0297,1.2876,3,interp0,1,1
595,0.8930,0.0343,446958480,0.003039,0,1,3,1,5,1.1683,1.2876,4,interp1,1,1
596,0.8935,0.0188,446958480,0.003033,0,3,5,2,0,1.0297,1.2876,2,topk,1,1
597,0.8959,0.0212,446958480,0.003026,0,0,5,2,3,1.0297,1.2876,2,topk,1,1
598,0.8950,0.0357,446958480,0.003020,1,0,5,2,2,1.2206,1.2876,2,topk,1,1
599,0.8945,0.0206,446958480,0.003014,0,0,7,1,2,0.8018,1.2876,2,topk,1,1
600,0.8933,0.0563,446958480,0.003008,0,2,4,1,3,1.2799,1.2876,2,topk,1,1
601,0.8953,0.0265,446958480,0.003002,1,0,5,2,2,1.2206,1.2876,2,topk,1,1
602,0.8958,0.0657,446958480,0.002996,0,4,2,3,1,1.2799,1.2876,1,used,1,1
603,0.8963,0.0264,446958480,0.002990,3,2,2,3,0,1.3662,1.2876,0,stab,1,0
604,0.8929,0.0324,446958480,0.002984,0,3,1,5,1,1.1683,1.2876,3,interp0,1,1
605,0.8944,0.0274,446958480,0.002978,0,3,3,2,2,1.3662,1.2876,1,used,1,0
606,0.8903,0.0600,446958480,0.002972,0,5,4,0,1,0.9433,1.2876,1,used,1,1
607,0.8970,0.0308,446958480,0.002966,0,0,4,3,3,1.0889,1.2876,2,topk,1,1
608,0.8989,0.0262,446958480,0.002961,0,3,7,0,0,0.6109,1.2876,2,topk,1,1
609,0.8970,0.0237,446958480,0.002955,0,0,6,4,0,0.6730,1.2876,2,topk,1,1
610,0.8943,0.0245,446958480,0.002949,0,0,8,0,2,0.5004,1.2876,2,topk,1,1
611,0.8960,0.0188,446958480,0.002943,0,7,3,0,0,0.6109,1.2876,1,used,1,1
612,0.8955,0.0204,446958480,0.002937,0,6,4,0,0,0.6730,1.2876,1,used,1,1
613,0.8982,0.0243,446958480,0.002931,0,0,5,5,0,0.6931,1.2876,2,topk,1,1
614,0.8969,0.0289,446958480,0.002925,0,0,5,0,5,0.6931,1.2876,2,topk,1,1
615,0.8974,0.0211,446958480,0.002919,0,0,1,0,9,0.3251,1.2876,4,interp1,1,1
616,0.8976,0.0253,446958480,0.002913,0,4,2,0,4,1.0549,1.2876,1,used,1,1
617,0.8969,0.0238,446958480,0.002908,1,0,7,1,1,0.9404,1.2876,2,topk,1,1
618,0.8953,0.0347,446958480,0.002902,0,1,5,1,3,1.1683,1.2876,2,topk,1,1
619,0.8947,0.0250,446958480,0.002896,0,1,2,6,1,1.0889,1.2876,3,interp0,1,1
620,0.8898,0.0335,446958480,0.002890,0,0,2,3,5,1.0297,1.2876,4,interp1,1,1
621,0.8946,0.0226,446958480,0.002884,0,0,4,5,1,0.9433,1.2876,3,interp0,1,1
622,0.8972,0.0213,446958480,0.002879,0,4,3,0,3,1.0889,1.2876,1,used,1,1
623,0.8970,0.0252,446958480,0.002873,0,0,3,5,2,1.0297,1.2876,3,interp0,1,1
624,0.8971,0.0215,446958480,0.002867,0,0,5,5,0,0.6931,1.2876,2,topk,1,1
625,0.8944,0.0202,446958480,0.002861,2,0,8,0,0,0.5004,1.2876,2,topk,1,1
626,0.8944,0.0286,446958480,0.002856,0,2,4,0,4,1.0549,1.2876,2,topk,1,1
627,0.8943,0.0271,446958480,0.002850,0,1,3,0,6,0.8979,1.2876,4,interp1,1,1
628,0.8956,0.0250,446958480,0.002844,0,3,4,3,0,1.0889,1.2876,2,topk,1,1
629,0.8971,0.0219,446958480,0.002839,0,0,5,2,3,1.0297,1.2876,2,topk,1,1
630,0.8931,0.0364,446958480,0.002833,1,3,5,0,1,1.1683,1.2876,2,topk,1,1
631,0.8953,0.0278,446958480,0.002827,0,2,4,4,0,1.0549,1.2876,2,topk,1,1
632,0.8941,0.0744,446958480,0.002822,1,0,5,0,4,0.9433,1.2876,2,topk,1,1
633,0.8933,0.0787,446958480,0.002816,0,5,4,0,1,0.9433,1.2876,1,used,1,1
634,0.8962,0.0241,446958480,0.002810,0,4,5,0,1,0.9433,1.2876,2,topk,1,1
635,0.8964,0.0185,446958480,0.002805,0,2,5,3,0,1.0297,1.2876,2,topk,1,1
636,0.8961,0.0327,446958480,0.002799,0,3,5,2,0,1.0297,1.2876,2,topk,1,1
637,0.8943,0.0228,446958480,0.002794,0,6,3,1,0,0.8979,1.2876,1,used,1,1
638,0.8950,0.0180,446958480,0.002788,0,3,3,4,0,1.0889,1.2876,3,interp0,1,1
639,0.8944,0.0232,446958480,0.002782,0,0,4,5,1,0.9433,1.2876,3,interp0,1,1
640,0.8962,0.0185,446958480,0.002777,0,1,6,3,0,0.8979,1.2876,2,topk,1,1
641,0.8970,0.0179,446958480,0.002771,0,0,5,0,5,0.6931,1.2876,2,topk,1,1
642,0.8917,0.0341,446958480,0.002766,0,0,6,4,0,0.6730,1.2876,2,topk,1,1
643,0.8928,0.0352,446958480,0.002760,0,0,4,0,6,0.6730,1.2876,4,interp1,1,1
644,0.8956,0.0294,446958480,0.002755,0,0,3,0,7,0.6109,1.2876,4,interp1,1,1
645,0.8936,0.0234,446958480,0.002749,0,0,5,0,5,0.6931,1.2876,2,topk,1,1
646,0.8985,0.0328,446958480,0.002744,0,0,4,6,0,0.6730,1.2876,3,interp0,1,1
647,0.8948,0.0314,446958480,0.002738,0,3,6,0,1,0.8979,1.2876,2,topk,1,1
648,0.8936,0.0204,446958480,0.002733,0,0,4,1,5,0.9433,1.2876,4,interp1,1,1
649,0.8977,0.0158,446958480,0.002727,0,1,5,4,0,0.9433,1.2876,2,topk,1,1
650,0.8945,0.0182,446958480,0.002722,0,5,2,2,1,1.2206,1.2876,1,used,1,1
651,0.8967,0.0222,446958480,0.002716,0,0,3,2,5,1.0297,1.2876,4,interp1,1,1
652,0.8936,0.0407,446958480,0.002711,0,0,5,1,4,0.9433,1.2876,2,topk,1,1
653,0.8890,0.0858,446958480,0.002705,2,2,2,0,4,1.3322,1.2876,4,interp1,1,0
654,0.8952,0.0457,446958480,0.002700,0,0,4,6,0,0.6730,1.2876,3,interp0,1,1
655,0.8934,0.0434,446958480,0.002695,0,0,5,0,5,0.6931,1.2876,2,topk,1,1
656,0.8958,0.0372,446958480,0.002689,0,0,7,0,3,0.6109,1.2876,2,topk,1,1
657,0.8987,0.0238,446958480,0.002684,0,4,6,0,0,0.6730,1.2876,2,topk,1,1
658,0.8949,0.0313,446958480,0.002679,0,0,3,7,0,0.6109,1.2876,3,interp0,1,1
659,0.8988,0.0192,446958480,0.002673,0,0,4,6,0,0.6730,1.2876,3,interp0,1,1
660,0.8986,0.0160,446958480,0.002668,0,0,5,5,0,0.6931,1.2876,2,topk,1,1
661,0.8933,0.0437,446958480,0.002662,0,0,8,0,2,0.5004,1.2876,2,topk,1,1
662,0.8943,0.0256,446958480,0.002657,0,0,1,5,4,0.9433,1.2876,3,interp0,1,1
663,0.8986,0.0235,446958480,0.002652,0,2,3,2,3,1.3662,1.2876,2,topk,1,0
664,0.8949,0.0458,446958480,0.002647,1,0,5,0,4,0.9433,1.2876,2,topk,1,1
665,0.8960,0.0206,446958480,0.002641,0,3,5,0,2,1.0297,1.2876,2,topk,1,1
666,0.8970,0.0252,446958480,0.002636,0,2,7,0,1,0.8018,1.2876,2,topk,1,1
667,0.8963,0.0244,446958480,0.002631,0,4,3,0,3,1.0889,1.2876,1,used,1,1
668,0.8963,0.0182,446958480,0.002625,0,4,3,1,2,1.2799,1.2876,1,used,1,1
669,0.8957,0.0464,446958480,0.002620,0,0,5,2,3,1.0297,1.2876,2,topk,1,1
670,0.8974,0.0215,446958480,0.002615,0,0,1,7,2,0.8018,1.2876,3,interp0,1,1
671,0.8949,0.0431,446958480,0.002610,1,3,6,0,0,0.8979,1.2876,2,topk,1,1
672,0.8964,0.0232,446958480,0.002604,0,3,5,0,2,1.0297,1.2876,2,topk,1,1
673,0.8982,0.0208,446958480,0.002599,0,0,5,0,5,0.6931,1.2876,2,topk,1,1
674,0.8965,0.0140,446958480,0.002594,0,0,5,0,5,0.6931,1.2876,2,topk,1,1
675,0.8933,0.0434,446958480,0.002589,0,0,4,1,5,0.9433,1.2876,4,interp1,1,1
676,0.8924,0.0267,446958480,0.002584,0,3,4,0,3,1.0889,1.2876,2,topk,1,1
677,0.8986,0.0219,446958480,0.002579,0,0,3,5,2,1.0297,1.2876,3,interp0,1,1
678,0.8973,0.0159,446958480,0.002573,0,4,2,2,2,1.3322,1.2876,1,used,1,0
679,0.8970,0.0190,446958480,0.002568,0,3,2,3,2,1.3662,1.2876,1,used,1,0
680,0.8981,0.0149,446958480,0.002563,0,1,2,2,5,1.2206,1.2876,4,interp1,1,1
681,0.8989,0.0149,446958480,0.002558,0,0,3,5,2,1.0297,1.2876,3,interp0,1,1
682,0.8982,0.0244,446958480,0.002553,0,1,8,0,1,0.6390,1.2876,2,topk,1,1
683,0.8994,0.0126,446958480,0.002548,0,4,5,0,1,0.9433,1.2876,2,topk,1,1
684,0.8982,0.0297,446958480,0.002543,0,2,5,3,0,1.0297,1.2876,2,topk,1,1
685,0.8961,0.0275,446958480,0.002538,0,3,3,1,3,1.3138,1.2876,1,used,1,0
686,0.8962,0.0331,446958480,0.002533,0,0,4,4,2,1.0549,1.2876,2,topk,1,1
687,0.8955,0.0216,446958480,0.002527,0,1,3,6,0,0.8979,1.2876,3,interp0,1,1
688,0.8969,0.0159,446958480,0.002522,0,5,2,3,0,1.0297,1.2876,1,used,1,1
689,0.8969,0.0161,446958480,0.002517,0,1,4,5,0,0.9433,1.2876,3,interp0,1,1
690,0.8980,0.0219,446958480,0.002512,0,0,3,5,2,1.0297,1.2876,3,interp0,1,1
691,0.8973,0.0144,446958480,0.002507,0,1,4,0,5,0.9433,1.2876,4,interp1,1,1
692,0.8964,0.0526,446958480,0.002502,0,3,5,2,0,1.0297,1.2876,2,topk,1,1
693,0.8974,0.0185,446958480,0.002497,0,2,4,0,4,1.0549,1.2876,2,topk,1,1
694,0.8969,0.0277,446958480,0.002492,2,2,4,2,0,1.3322,1.2876,2,topk,1,0
695,0.8993,0.0146,446958480,0.002487,0,3,3,0,4,1.0889,1.2876,4,interp1,1,1
696,0.8975,0.0162,446958480,0.002482,0,1,6,2,1,1.0889,1.2876,2,topk,1,1
697,0.9000,0.0142,446958480,0.002477,0,2,3,2,3,1.3662,1.2876,2,topk,1,0
698,0.8987,0.0163,446958480,0.002472,0,2,5,3,0,1.0297,1.2876,2,topk,1,1
699,0.9003,0.0126,446958480,0.002467,0,0,3,0,7,0.6109,1.2876,4,interp1,1,1
700,0.8965,0.0266,446958480,0.002463,0,0,5,2,3,1.0297,1.2876,2,topk,1,1
701,0.8976,0.0192,446958480,0.002458,0,4,5,1,0,0.9433,1.2876,2,topk,1,1
702,0.8953,0.0165,446958480,0.002453,0,0,1,6,3,0.8979,1.2876,3,interp0,1,1
703,0.8990,0.0223,446958480,0.002448,0,5,4,0,1,0.9433,1.2876,1,used,1,1
704,0.8999,0.0144,446958480,0.002443,0,3,5,0,2,1.0297,1.2876,2,topk,1,1
705,0.8978,0.0226,446958480,0.002438,0,2,5,3,0,1.0297,1.2876,2,topk,1,1
706,0.8912,0.0749,446958480,0.002433,0,4,3,0,3,1.0889,1.2876,1,used,1,1
707,0.8919,0.0448,446958480,0.002428,0,4,6,0,0,0.6730,1.2876,2,topk,1,1
708,0.8936,0.0581,446958480,0.002423,0,0,6,4,0,0.6730,1.2876,2,topk,1,1
709,0.8950,0.0287,446958480,0.002419,0,3,7,0,0,0.6109,1.2876,2,topk,1,1
710,0.8960,0.0296,446958480,0.002414,0,0,6,4,0,0.6730,1.2876,2,topk,1,1
711,0.8927,0.0368,446958480,0.002409,0,1,9,0,0,0.3251,1.2876,2,topk,1,1
712,0.8952,0.0258,446958480,0.002404,0,5,4,0,1,0.9433,1.2876,1,used,1,1
713,0.8969,0.0266,446958480,0.002399,0,0,2,5,3,1.0297,1.2876,3,interp0,1,1
714,0.8919,0.0370,446958480,0.002394,0,5,4,1,0,0.9433,1.2876,1,used,1,1
715,0.8962,0.0211,446958480,0.002390,0,2,2,1,5,1.2206,1.2876,4,interp1,1,1
716,0.8951,0.0180,446958480,0.002385,0,0,7,1,2,0.8018,1.2876,2,topk,1,1
717,0.8969,0.0189,446958480,0.002380,0,0,5,0,5,0.6931,1.2876,2,topk,1,1
718,0.8961,0.0181,446958480,0.002375,0,0,4,0,6,0.6730,1.2876,4,interp1,1,1
719,0.8967,0.0145,446958480,0.002371,0,3,5,0,2,1.0297,1.2876,2,topk,1,1
720,0.8965,0.0144,446958480,0.002366,0,0,4,0,6,0.6730,1.2876,4,interp1,1,1
721,0.8949,0.0165,446958480,0.002361,0,0,4,6,0,0.6730,1.2876,3,interp0,1,1
722,0.8950,0.0141,446958480,0.002356,0,0,7,3,0,0.6109,1.2876,2,topk,1,1
723,0.8982,0.0134,446958480,0.002352,0,0,6,0,4,0.6730,1.2876,2,topk,1,1
724,0.8960,0.0322,446958480,0.002347,0,0,3,0,7,0.6109,1.2876,4,interp1,1,1
725,0.8944,0.0179,446958480,0.002342,0,0,3,7,0,0.6109,1.2876,3,interp0,1,1
726,0.8951,0.0170,446958480,0.002338,0,0,6,0,4,0.6730,1.2876,2,topk,1,1
727,0.8968,0.0154,446958480,0.002333,0,0,7,3,0,0.6109,1.2876,2,topk,1,1
728,0.8962,0.0129,446958480,0.002328,0,0,6,3,1,0.8979,1.2876,2,topk,1,1
729,0.8947,0.0225,446958480,0.002324,0,6,0,0,4,0.6730,1.2876,1,used,1,1
730,0.8965,0.0195,446958480,0.002319,0,3,7,0,0,0.6109,1.2876,2,topk,1,1
731,0.8977,0.0133,446958480,0.002314,0,0,6,3,1,0.8979,1.2876,2,topk,1,1
732,0.8971,0.0164,446958480,0.002310,0,8,2,0,0,0.5004,1.2876,1,used,1,1
733,0.8981,0.0140,446958480,0.002305,0,0,7,3,0,0.6109,1.2876,2,topk,1,1
734,0.8983,0.0128,446958480,0.002300,0,0,5,5,0,0.6931,1.2876,2,topk,1,1
735,0.8982,0.0126,446958480,0.002296,0,0,4,5,1,0.9433,1.2876,3,interp0,1,1
736,0.8967,0.0178,446958480,0.002291,0,1,5,0,4,0.9433,1.2876,2,topk,1,1
737,0.8961,0.0196,446958480,0.002287,0,0,6,0,4,0.6730,1.2876,2,topk,1,1
738,0.8959,0.0253,446958480,0.002282,0,4,6,0,0,0.6730,1.2876,2,topk,1,1
739,0.8938,0.0512,446958480,0.002278,0,4,6,0,0,0.6730,1.2876,2,topk,1,1
740,0.8912,0.0237,446958480,0.002273,0,0,8,2,0,0.5004,1.2876,2,topk,1,1
741,0.8944,0.0209,446958480,0.002268,0,0,7,3,0,0.6109,1.2876,2,topk,1,1
742,0.8960,0.0206,446958480,0.002264,0,0,5,0,5,0.6931,1.2876,2,topk,1,1
743,0.8944,0.0158,446958480,0.002259,6,0,4,0,0,0.6730,1.2876,0,stab,1,1
744,0.8975,0.0170,446958480,0.002255,0,0,6,4,0,0.6730,1.2876,2,topk,1,1
745,0.8992,0.0137,446958480,0.002250,0,0,7,3,0,0.6109,1.2876,2,topk,1,1
746,0.9001,0.0131,446958480,0.002246,0,6,4,0,0,0.6730,1.2876,1,used,1,1
747,0.8988,0.0139,446958480,0.002241,0,0,3,0,7,0.6109,1.2876,4,interp1,1,1
748,0.8979,0.0173,446958480,0.002237,0,0,5,5,0,0.6931,1.2876,2,topk,1,1
749,0.8984,0.0139,446958480,0.002232,0,0,5,5,0,0.6931,1.2876,2,topk,1,1
750,0.8981,0.0178,446958480,0.002228,0,0,3,0,7,0.6109,1.2876,4,interp1,1,1
751,0.8983,0.0140,446958480,0.002223,0,0,4,6,0,0.6730,1.2876,3,interp0,1,1
752,0.9008,0.0115,446958480,0.002219,0,0,5,5,0,0.6931,1.2876,2,topk,1,1
753,0.8985,0.0477,446958480,0.002215,0,0,6,3,1,0.8979,1.2876,2,topk,1,1
754,0.8988,0.0190,446958480,0.002210,0,2,3,2,3,1.3662,1.2876,2,topk,1,0
755,0.8982,0.0155,446958480,0.002206,0,1,5,2,2,1.2206,1.2876,2,topk,1,1
756,0.8987,0.0158,446958480,0.002201,0,2,4,4,0,1.0549,1.2876,2,topk,1,1
757,0.8984,0.0144,446958480,0.002197,1,2,3,3,1,1.5048,1.2876,2,topk,1,0
758,0.8994,0.0148,446958480,0.002193,0,0,3,4,3,1.0889,1.2876,3,interp0,1,1
759,0.8980,0.0159,446958480,0.002188,1,0,3,1,5,1.1683,1.2876,4,interp1,1,1
760,0.8991,0.0104,446958480,0.002184,0,2,4,4,0,1.0549,1.2876,2,topk,1,1
761,0.8988,0.0121,446958480,0.002179,0,0,3,3,4,1.0889,1.2876,4,interp1,1,1
762,0.8995,0.0126,446958480,0.002175,1,0,6,1,2,1.0889,1.2876,2,topk,1,1
763,0.8980,0.0147,446958480,0.002171,0,4,3,2,1,1.2799,1.2876,1,used,1,1
764,0.8944,0.0291,446958480,0.002166,0,4,3,2,1,1.2799,1.2876,1,used,1,1
765,0.8954,0.0203,446958480,0.002162,0,1,8,1,0,0.6390,1.2876,2,topk,1,1
766,0.8961,0.0153,446958480,0.002158,0,3,5,2,0,1.0297,1.2876,2,topk,1,1
767,0.8959,0.0169,446958480,0.002153,0,3,2,0,5,1.0297,1.2876,4,interp1,1,1
768,0.8971,0.0157,446958480,0.002149,0,0,3,4,3,1.0889,1.2876,3,interp0,1,1
769,0.8970,0.0130,446958480,0.002145,0,0,1,8,1,0.6390,1.2876,3,interp0,1,1
770,0.8976,0.0131,446958480,0.002141,0,3,2,4,1,1.2799,1.2876,3,interp0,1,1
771,0.8978,0.0163,446958480,0.002136,0,1,5,0,4,0.9433,1.2876,2,topk,1,1
772,0.8993,0.0115,446958480,0.002132,0,4,3,3,0,1.0889,1.2876,1,used,1,1
773,0.8975,0.0169,446958480,0.002128,0,2,5,1,2,1.2206,1.2876,2,topk,1,1
774,0.8949,0.0357,446958480,0.002123,0,0,3,2,5,1.0297,1.2876,4,interp1,1,1
775,0.8958,0.0187,446958480,0.002119,0,6,4,0,0,0.6730,1.2876,1,used,1,1
776,0.8982,0.0150,446958480,0.002115,0,0,5,5,0,0.6931,1.2876,2,topk,1,1
777,0.8971,0.0110,446958480,0.002111,0,0,4,6,0,0.6730,1.2876,3,interp0,1,1
778,0.8971,0.0181,446958480,0.002106,0,0,3,7,0,0.6109,1.2876,3,interp0,1,1
779,0.8976,0.0135,446958480,0.002102,0,8,0,0,2,0.5004,1.2876,1,used,1,1
780,0.8967,0.0107,446958480,0.002098,0,0,7,3,0,0.6109,1.2876,2,topk,1,1
781,0.8960,0.0115,446958480,0.002094,0,0,7,3,0,0.6109,1.2876,2,topk,1,1
782,0.8967,0.0097,446958480,0.002090,0,6,4,0,0,0.6730,1.2876,1,used,1,1
783,0.8964,0.0112,446958480,0.002086,0,0,5,5,0,0.6931,1.2876,2,topk,1,1
784,0.8965,0.0100,446958480,0.002081,0,0,6,4,0,0.6730,1.2876,2,topk,1,1
785,0.8970,0.0102,446958480,0.002077,0,0,7,3,0,0.6109,1.2876,2,topk,1,1
786,0.8982,0.0131,446958480,0.002073,0,0,8,0,2,0.5004,1.2876,2,topk,1,1
787,0.8987,0.0111,446958480,0.002069,0,0,3,7,0,0.6109,1.2876,3,interp0,1,1
788,0.8983,0.0120,446958480,0.002065,0,1,7,2,0,0.8018,1.2876,2,topk,1,1
789,0.8975,0.0138,446958480,0.002061,0,1,6,3,0,0.8979,1.2876,2,topk,1,1
790,0.8978,0.0156,446958480,0.002056,0,3,5,2,0,1.0297,1.2876,2,topk,1,1
791,0.8983,0.0122,446958480,0.002052,0,1,5,0,4,0.9433,1.2876,2,topk,1,1
792,0.8976,0.0145,446958480,0.002048,0,4,5,1,0,0.9433,1.2876,2,topk,1,1
793,0.8974,0.0128,446958480,0.002044,0,4,5,1,0,0.9433,1.2876,2,topk,1,1
794,0.8990,0.0127,446958480,0.002040,0,0,5,0,5,0.6931,1.2876,2,topk,1,1
795,0.8987,0.0116,446958480,0.002036,4,0,6,0,0,0.6730,1.2876,2,topk,1,1
796,0.8979,0.0106,446958480,0.002032,0,0,5,4,1,0.9433,1.2876,2,topk,1,1
797,0.8995,0.0284,446958480,0.002028,0,7,1,2,0,0.8018,1.2876,1,used,1,1
798,0.9013,0.0126,446958480,0.002024,0,5,4,1,0,0.9433,1.2876,1,used,1,1
799,0.9010,0.0101,446958480,0.002020,0,2,6,0,2,0.9503,1.2876,2,topk,1,1
800,0.9016,0.0242,446958480,0.002016,0,0,8,0,2,0.5004,1.2876,2,topk,1,1
801,0.8987,0.0130,446958480,0.002012,0,0,5,5,0,0.6931,1.2876,2,topk,1,1
802,0.8954,0.0141,446958480,0.002008,0,0,7,3,0,0.6109,1.2876,2,topk,1,1
803,0.9006,0.0107,446958480,0.002004,0,0,7,0,3,0.6109,1.2876,2,topk,1,1
804,0.8992,0.0407,446958480,0.002000,0,1,3,0,6,0.8979,1.2876,4,interp1,1,1
805,0.8992,0.0131,446958480,0.001996,0,3,5,2,0,1.0297,1.2876,2,topk,1,1
806,0.8976,0.0173,446958480,0.001992,0,0,4,5,1,0.9433,1.2876,3,interp0,1,1
807,0.8978,0.0145,446958480,0.001988,0,4,4,2,0,1.0549,1.2876,1,used,1,1
808,0.8981,0.0119,446958480,0.001984,0,0,3,1,6,0.8979,1.2876,4,interp1,1,1
809,0.8959,0.0098,446958480,0.001980,0,3,5,0,2,1.0297,1.2876,2,topk,1,1
810,0.8974,0.0105,446958480,0.001976,0,2,6,0,2,0.9503,1.2876,2,topk,1,1
811,0.8981,0.0161,446958480,0.001972,0,4,6,0,0,0.6730,1.2876,2,topk,1,1
812,0.8970,0.0148,446958480,0.001968,0,0,3,1,6,0.8979,1.2876,4,interp1,1,1
813,0.9011,0.0088,446958480,0.001964,0,4,4,0,2,1.0549,1.2876,1,used,1,1
814,0.8966,0.0114,446958480,0.001960,0,4,2,0,4,1.0549,1.2876,1,used,1,1
815,0.8954,0.0184,446958480,0.001956,0,3,5,2,0,1.0297,1.2876,2,topk,1,1
816,0.8981,0.0133,446958480,0.001952,1,3,5,1,0,1.1683,1.2876,2,topk,1,1
817,0.8940,0.0131,446958480,0.001948,0,4,4,1,1,1.1935,1.2876,1,used,1,1
818,0.8982,0.0113,446958480,0.001944,0,1,3,2,4,1.2799,1.2876,4,interp1,1,1
819,0.8986,0.0116,446958480,0.001940,0,0,7,2,1,0.8018,1.2876,2,topk,1,1
820,0.8989,0.0136,446958480,0.001937,0,2,5,3,0,1.0297,1.2876,2,topk,1,1
821,0.8990,0.0110,446958480,0.001933,0,2,4,4,0,1.0549,1.2876,2,topk,1,1
822,0.8969,0.0141,446958480,0.001929,0,2,3,0,5,1.0297,1.2876,4,interp1,1,1
823,0.9000,0.0090,446958480,0.001925,0,2,2,4,2,1.3322,1.2876,3,interp0,1,0
824,0.8975,0.0192,446958480,0.001921,0,0,6,0,4,0.6730,1.2876,2,topk,1,1
825,0.9005,0.0124,446958480,0.001917,0,0,5,5,0,0.6931,1.2876,2,topk,1,1
826,0.8977,0.0127,446958480,0.001913,0,0,3,1,6,0.8979,1.2876,4,interp1,1,1
827,0.9002,0.0109,446958480,0.001910,0,4,3,1,2,1.2799,1.2876,1,used,1,1
828,0.9000,0.0096,446958480,0.001906,0,2,2,3,3,1.3662,1.2876,3,interp0,1,0
829,0.8999,0.0089,446958480,0.001902,0,3,4,0,3,1.0889,1.2876,2,topk,1,1
830,0.9000,0.0146,446958480,0.001898,0,5,3,1,1,1.1683,1.2876,1,used,1,1
831,0.8995,0.0163,446958480,0.001894,0,2,3,1,4,1.2799,1.2876,4,interp1,1,1
832,0.9003,0.0221,446958480,0.001891,0,5,1,4,0,0.9433,1.2876,1,used,1,1
833,0.8982,0.0152,446958480,0.001887,0,0,4,4,2,1.0549,1.2876,2,topk,1,1
834,0.8967,0.0104,446958480,0.001883,2,3,3,1,1,1.5048,1.2876,1,used,1,0
835,0.8962,0.0131,446958480,0.001879,0,1,3,2,4,1.2799,1.2876,4,interp1,1,1
836,0.8999,0.0141,446958480,0.001876,0,1,8,1,0,0.6390,1.2876,2,topk,1,1
837,0.8965,0.0226,446958480,0.001872,0,1,3,1,5,1.1683,1.2876,4,interp1,1,1
838,0.8994,0.0102,446958480,0.001868,0,2,2,3,3,1.3662,1.2876,3,interp0,1,0
839,0.9010,0.0095,446958480,0.001864,0,2,3,2,3,1.3662,1.2876,2,topk,1,0
840,0.8995,0.0090,446958480,0.001861,0,1,3,4,2,1.2799,1.2876,3,interp0,1,1
841,0.8995,0.0194,446958480,0.001857,0,2,4,3,1,1.2799,1.2876,2,topk,1,1
842,0.8993,0.0166,446958480,0.001853,0,0,5,5,0,0.6931,1.2876,2,topk,1,1
843,0.8989,0.0086,446958480,0.001849,7,0,3,0,0,0.6109,1.2876,0,stab,1,1
844,0.8988,0.0087,446958480,0.001846,0,2,1,1,6,1.0889,1.2876,4,interp1,1,1
845,0.8979,0.0114,446958480,0.001842,0,2,5,0,3,1.0297,1.2876,2,topk,1,1
846,0.8990,0.0093,446958480,0.001838,0,5,5,0,0,0.6931,1.2876,1,used,1,1
847,0.8972,0.0104,446958480,0.001835,0,0,5,5,0,0.6931,1.2876,2,topk,1,1
848,0.8972,0.0116,446958480,0.001831,0,0,4,6,0,0.6730,1.2876,3,interp0,1,1
849,0.9003,0.0092,446958480,0.001827,0,0,3,7,0,0.6109,1.2876,3,interp0,1,1
850,0.8972,0.0082,446958480,0.001824,0,5,3,1,1,1.1683,1.2876,1,used,1,1
851,0.8958,0.0311,446958480,0.001820,0,4,2,2,2,1.3322,1.2876,1,used,1,0
852,0.8979,0.0117,446958480,0.001816,0,1,5,2,2,1.2206,1.2876,2,topk,1,1
853,0.8975,0.0142,446958480,0.001813,0,1,3,4,2,1.2799,1.2876,3,interp0,1,1
854,0.8975,0.0201,446958480,0.001809,0,0,6,4,0,0.6730,1.2876,2,topk,1,1
855,0.8994,0.0112,446958480,0.001806,0,8,2,0,0,0.5004,1.2876,1,used,1,1
856,0.8983,0.0102,446958480,0.001802,0,0,7,3,0,0.6109,1.2876,2,topk,1,1
857,0.8998,0.0090,446958480,0.001798,0,6,4,0,0,0.6730,1.2876,1,used,1,1
858,0.8983,0.0093,446958480,0.001795,0,6,4,0,0,0.6730,1.2876,1,used,1,1
859,0.8965,0.0771,446958480,0.001791,0,0,5,4,1,0.9433,1.2876,2,topk,1,1
860,0.8969,0.0190,446958480,0.001788,0,1,6,3,0,0.8979,1.2876,2,topk,1,1
861,0.8982,0.0138,446958480,0.001784,0,1,4,2,3,1.2799,1.2876,2,topk,1,1
862,0.8988,0.0119,446958480,0.001780,2,0,5,3,0,1.0297,1.2876,2,topk,1,1
863,0.8971,0.0413,446958480,0.001777,0,0,5,0,5,0.6931,1.2876,2,topk,1,1
864,0.8952,0.0088,446958480,0.001773,0,0,7,3,0,0.6109,1.2876,2,topk,1,1
865,0.8973,0.0217,446958480,0.001770,0,0,9,0,1,0.3251,1.2876,2,topk,1,1
866,0.9000,0.0127,446958480,0.001766,0,4,4,0,2,1.0549,1.2876,1,used,1,1
867,0.8989,0.0101,446958480,0.001763,1,3,1,3,2,1.5048,1.2876,1,used,1,0
868,0.9001,0.0080,446958480,0.001759,0,0,4,2,4,1.0549,1.2876,2,topk,1,1
869,0.8973,0.0100,446958480,0.001756,0,4,3,1,2,1.2799,1.2876,1,used,1,1
870,0.8990,0.0095,446958480,0.001752,0,1,2,1,6,1.0889,1.2876,4,interp1,1,1
871,0.8981,0.0087,446958480,0.001749,0,1,3,4,2,1.2799,1.2876,3,interp0,1,1
872,0.9006,0.0090,446958480,0.001745,0,3,1,6,0,0.8979,1.2876,3,interp0,1,1
873,0.8982,0.0121,446958480,0.001742,0,4,6,0,0,0.6730,1.2876,2,topk,1,1
874,0.8988,0.0107,446958480,0.001738,0,0,5,0,5,0.6931,1.2876,2,topk,1,1
875,0.9000,0.0113,446958480,0.001735,0,0,3,7,0,0.6109,1.2876,3,interp0,1,1
876,0.9006,0.0106,446958480,0.001731,0,0,6,0,4,0.6730,1.2876,2,topk,1,1
877,0.8998,0.0080,446958480,0.001728,0,5,5,0,0,0.6931,1.2876,1,used,1,1
878,0.8990,0.0076,446958480,0.001724,0,0,4,3,3,1.0889,1.2876,2,topk,1,1
879,0.8999,0.0069,446958480,0.001721,0,0,5,0,5,0.6931,1.2876,2,topk,1,1
880,0.8978,0.0383,446958480,0.001717,0,0,6,0,4,0.6730,1.2876,2,topk,1,1
881,0.8983,0.0171,446958480,0.001714,0,0,3,0,7,0.6109,1.2876,4,interp1,1,1
882,0.8988,0.0089,446958480,0.001711,0,0,7,3,0,0.6109,1.2876,2,topk,1,1
883,0.8964,0.0160,446958480,0.001707,0,0,6,0,4,0.6730,1.2876,2,topk,1,1
884,0.9000,0.0086,446958480,0.001704,0,0,5,4,1,0.9433,1.2876,2,topk,1,1
885,0.8991,0.0102,446958480,0.001700,0,0,4,4,2,1.0549,1.2876,2,topk,1,1
886,0.9001,0.0070,446958480,0.001697,0,0,5,2,3,1.0297,1.2876,2,topk,1,1
887,0.8996,0.0142,446958480,0.001694,0,2,2,5,1,1.2206,1.2876,3,interp0,1,1
888,0.9004,0.0132,446958480,0.001690,1,2,1,5,1,1.3592,1.2876,3,interp0,1,0
889,0.8971,0.0242,446958480,0.001687,0,0,2,4,4,1.0549,1.2876,3,interp0,1,1
890,0.8980,0.0113,446958480,0.001683,0,3,3,3,1,1.3138,1.2876,1,used,1,0
891,0.8976,0.0147,446958480,0.001680,1,2,5,2,0,1.2206,1.2876,2,topk,1,1
892,0.8994,0.0111,446958480,0.001677,0,6,4,0,0,0.6730,1.2876,1,used,1,1
893,0.8984,0.0085,446958480,0.001673,0,0,5,5,0,0.6931,1.2876,2,topk,1,1
894,0.9014,0.0084,446958480,0.001670,0,0,6,0,4,0.6730,1.2876,2,topk,1,1
895,0.8998,0.0114,446958480,0.001667,0,0,3,7,0,0.6109,1.2876,3,interp0,1,1
896,0.8989,0.0081,446958480,0.001663,1,0,5,4,0,0.9433,1.2876,2,topk,1,1
897,0.8993,0.0080,446958480,0.001660,0,3,6,1,0,0.8979,1.2876,2,topk,1,1
898,0.8999,0.0091,446958480,0.001657,0,3,5,0,2,1.0297,1.2876,2,topk,1,1
899,0.8974,0.0333,446958480,0.001653,1,0,4,1,4,1.1935,1.2876,2,topk,1,1
900,0.9009,0.0113,446958480,0.001650,0,0,4,2,4,1.0549,1.2876,2,topk,1,1
901,0.9000,0.0090,446958480,0.001647,0,1,3,2,4,1.2799,1.2876,4,interp1,1,1
902,0.9001,0.0109,446958480,0.001643,0,0,4,6,0,0.6730,1.2876,3,interp0,1,1
903,0.8992,0.0186,446958480,0.001640,0,0,7,3,0,0.6109,1.2876,2,topk,1,1
904,0.8985,0.0089,446958480,0.001637,0,3,6,0,1,0.8979,1.2876,2,topk,1,1
905,0.8987,0.0099,446958480,0.001634,0,2,4,0,4,1.0549,1.2876,2,topk,1,1
906,0.8999,0.0109,446958480,0.001630,0,3,4,0,3,1.0889,1.2876,2,topk,1,1
907,0.8969,0.0351,446958480,0.001627,1,0,4,5,0,0.9433,1.2876,3,interp0,1,1
908,0.8991,0.0110,446958480,0.001624,0,6,4,0,0,0.6730,1.2876,1,used,1,1
909,0.8971,0.0115,446958480,0.001621,0,0,5,0,5,0.6931,1.2876,2,topk,1,1
910,0.8971,0.0091,446958480,0.001617,0,0,5,5,0,0.6931,1.2876,2,topk,1,1
911,0.8992,0.0083,446958480,0.001614,0,0,5,0,5,0.6931,1.2876,2,topk,1,1
912,0.8990,0.0079,446958480,0.001611,6,0,2,2,0,0.9503,1.2876,0,stab,1,1
913,0.8984,0.0081,446958480,0.001608,0,2,4,4,0,1.0549,1.2876,2,topk,1,1
914,0.9004,0.0104,446958480,0.001604,0,1,4,0,5,0.9433,1.2876,4,interp1,1,1
915,0.8982,0.0243,446958480,0.001601,0,4,4,2,0,1.0549,1.2876,1,used,1,1
916,0.8942,0.0119,446958480,0.001598,1,5,1,3,0,1.1683,1.2876,1,used,1,1
917,0.8958,0.0109,446958480,0.001595,0,0,4,0,6,0.6730,1.2876,4,interp1,1,1
918,0.8970,0.0087,446958480,0.001592,0,7,3,0,0,0.6109,1.2876,1,used,1,1
919,0.8957,0.0173,446958480,0.001588,0,0,4,0,6,0.6730,1.2876,4,interp1,1,1
920,0.8936,0.0213,446958480,0.001585,0,0,6,0,4,0.6730,1.2876,2,topk,1,1
921,0.8961,0.0126,446958480,0.001582,0,0,5,0,5,0.6931,1.2876,2,topk,1,1
922,0.8987,0.0103,446958480,0.001579,0,0,4,0,6,0.6730,1.2876,4,interp1,1,1
923,0.8981,0.0078,446958480,0.001576,0,0,4,6,0,0.6730,1.2876,3,interp0,1,1
924,0.8996,0.0078,446958480,0.001573,0,0,4,0,6,0.6730,1.2876,4,interp1,1,1
925,0.8998,0.0087,446958480,0.001569,0,2,8,0,0,0.5004,1.2876,2,topk,1,1
926,0.8999,0.0079,446958480,0.001566,0,4,5,1,0,0.9433,1.2876,2,topk,1,1
927,0.9000,0.0070,446958480,0.001563,0,1,3,2,4,1.2799,1.2876,4,interp1,1,1
928,0.8990,0.0088,446958480,0.001560,0,2,4,2,2,1.3322,1.2876,2,topk,1,0
929,0.8976,0.0085,446958480,0.001557,0,0,4,1,5,0.9433,1.2876,4,interp1,1,1
930,0.8979,0.0088,446958480,0.001554,0,2,4,4,0,1.0549,1.2876,2,topk,1,1
931,0.8994,0.0079,446958480,0.001551,0,0,0,6,4,0.6730,1.2876,3,interp0,1,1
932,0.8959,0.0443,446958480,0.001548,0,0,4,0,6,0.6730,1.2876,4,interp1,1,1
933,0.8995,0.0118,446958480,0.001545,0,8,2,0,0,0.5004,1.2876,1,used,1,1
934,0.8988,0.0089,446958480,0.001541,0,0,5,0,5,0.6931,1.2876,2,topk,1,1
935,0.8995,0.0086,446958480,0.001538,0,0,3,7,0,0.6109,1.2876,3,interp0,1,1
936,0.8976,0.0146,446958480,0.001535,0,0,6,0,4,0.6730,1.2876,2,topk,1,1
937,0.8988,0.0519,446958480,0.001532,0,0,7,3,0,0.6109,1.2876,2,topk,1,1
938,0.8992,0.0147,446958480,0.001529,0,0,5,5,0,0.6931,1.2876,2,topk,1,1
939,0.9003,0.0098,446958480,0.001526,0,0,4,6,0,0.6730,1.2876,3,interp0,1,1
940,0.9016,0.0341,446958480,0.001523,0,0,4,4,2,1.0549,1.2876,2,topk,1,1
941,0.8918,0.0387,446958480,0.001520,0,0,3,2,5,1.0297,1.2876,4,interp1,1,1
942,0.8945,0.0217,446958480,0.001517,0,0,4,6,0,0.6730,1.2876,3,interp0,1,1
943,0.8966,0.0199,446958480,0.001514,0,0,6,4,0,0.6730,1.2876,2,topk,1,1
944,0.8969,0.0158,446958480,0.001511,0,0,4,6,0,0.6730,1.2876,3,interp0,1,1
945,0.8968,0.0100,446958480,0.001508,0,0,6,4,0,0.6730,1.2876,2,topk,1,1
946,0.8986,0.0108,446958480,0.001505,0,0,3,0,7,0.6109,1.2876,4,interp1,1,1
947,0.9001,0.0112,446958480,0.001502,0,6,4,0,0,0.6730,1.2876,1,used,1,1
948,0.9014,0.0115,446958480,0.001499,0,0,4,6,0,0.6730,1.2876,3,interp0,1,1
949,0.8996,0.0095,446958480,0.001496,0,4,6,0,0,0.6730,1.2876,2,topk,1,1
950,0.9005,0.0096,446958480,0.001493,0,4,6,0,0,0.6730,1.2876,2,topk,1,1
951,0.8987,0.0109,446958480,0.001490,0,0,8,2,0,0.5004,1.2876,2,topk,1,1
952,0.8998,0.0192,446958480,0.001487,0,3,7,0,0,0.6109,1.2876,2,topk,1,1
953,0.8991,0.0086,446958480,0.001484,1,0,6,0,3,0.8979,1.2876,2,topk,1,1
954,0.9008,0.0093,446958480,0.001481,0,5,4,0,1,0.9433,1.2876,1,used,1,1
955,0.9029,0.0076,446958480,0.001478,0,0,5,3,2,1.0297,1.2876,2,topk,1,1
956,0.9013,0.0188,446958480,0.001475,0,0,4,5,1,0.9433,1.2876,3,interp0,1,1
957,0.8984,0.0135,446958480,0.001472,0,0,6,4,0,0.6730,1.2876,2,topk,1,1
958,0.9001,0.0281,446958480,0.001469,0,0,5,0,5,0.6931,1.2876,2,topk,1,1
959,0.9015,0.0088,446958480,0.001466,0,0,8,0,2,0.5004,1.2876,2,topk,1,1
960,0.9017,0.0087,446958480,0.001463,0,0,6,0,4,0.6730,1.2876,2,topk,1,1
961,0.8952,0.0275,446958480,0.001460,0,1,6,0,3,0.8979,1.2876,2,topk,1,1
962,0.8965,0.0113,446958480,0.001457,0,4,3,3,0,1.0889,1.2876,1,used,1,1
963,0.9010,0.0158,446958480,0.001454,0,0,4,1,5,0.9433,1.2876,4,interp1,1,1
964,0.8987,0.0120,446958480,0.001452,0,0,4,0,6,0.6730,1.2876,4,interp1,1,1
965,0.8985,0.0090,446958480,0.001449,0,0,4,0,6,0.6730,1.2876,4,interp1,1,1
966,0.9011,0.0085,446958480,0.001446,0,0,8,0,2,0.5004,1.2876,2,topk,1,1
967,0.8987,0.0089,446958480,0.001443,0,5,5,0,0,0.6931,1.2876,1,used,1,1
968,0.8996,0.0114,446958480,0.001440,6,0,4,0,0,0.6730,1.2876,0,stab,1,1
969,0.8988,0.0065,446958480,0.001437,0,0,8,2,0,0.5004,1.2876,2,topk,1,1
970,0.8976,0.0104,446958480,0.001434,0,0,5,0,5,0.6931,1.2876,2,topk,1,1
971,0.8975,0.0137,446958480,0.001431,0,5,5,0,0,0.6931,1.2876,1,used,1,1
972,0.8982,0.0073,446958480,0.001429,0,6,4,0,0,0.6730,1.2876,1,used,1,1
973,0.8990,0.0075,446958480,0.001426,0,0,6,4,0,0.6730,1.2876,2,topk,1,1
974,0.8984,0.0120,446958480,0.001423,0,0,5,5,0,0.6931,1.2876,2,topk,1,1
975,0.9014,0.0101,446958480,0.001420,0,5,5,0,0,0.6931,1.2876,1,used,1,1
976,0.8995,0.0098,446958480,0.001417,0,4,3,0,3,1.0889,1.2876,1,used,1,1
977,0.8981,0.0187,446958480,0.001414,0,0,4,5,1,0.9433,1.2876,3,interp0,1,1
978,0.9013,0.0138,446958480,0.001411,0,1,6,2,1,1.0889,1.2876,2,topk,1,1
979,0.8998,0.0106,446958480,0.001409,0,2,6,0,2,0.9503,1.2876,2,topk,1,1
980,0.9004,0.0098,446958480,0.001406,0,6,1,1,2,1.0889,1.2876,1,used,1,1
981,0.8998,0.0082,446958480,0.001403,0,3,0,3,4,1.0889,1.2876,4,interp1,1,1
982,0.8993,0.0080,446958480,0.001400,0,3,6,0,1,0.8979,1.2876,2,topk,1,1
983,0.8990,0.0100,446958480,0.001397,0,0,2,7,1,0.8018,1.2876,3,interp0,1,1
984,0.8995,0.0065,446958480,0.001395,0,7,2,1,0,0.8018,1.2876,1,used,1,1
985,0.8973,0.0099,446958480,0.001392,0,1,6,3,0,0.8979,1.2876,2,topk,1,1
986,0.8988,0.0069,446958480,0.001389,0,4,4,2,0,1.0549,1.2876,1,used,1,1
987,0.8992,0.0094,446958480,0.001386,0,6,2,0,2,0.9503,1.2876,1,used,1,1
988,0.9003,0.0093,446958480,0.001383,0,3,5,2,0,1.0297,1.2876,2,topk,1,1
989,0.8989,0.0080,446958480,0.001381,1,0,5,0,4,0.9433,1.2876,2,topk,1,1
990,0.9003,0.0075,446958480,0.001378,0,3,5,1,1,1.1683,1.2876,2,topk,1,1
991,0.9001,0.0081,446958480,0.001375,0,0,2,4,4,1.0549,1.2876,3,interp0,1,1
992,0.9009,0.0065,446958480,0.001372,0,0,3,5,2,1.0297,1.2876,3,interp0,1,1
993,0.9010,0.0073,446958480,0.001370,0,0,2,6,2,0.9503,1.2876,3,interp0,1,1
994,0.9007,0.0073,446958480,0.001367,0,4,3,0,3,1.0889,1.2876,1,used,1,1
995,0.9001,0.0073,446958480,0.001364,0,0,2,3,5,1.0297,1.2876,4,interp1,1,1
996,0.9004,0.0112,446958480,0.001362,0,0,5,3,2,1.0297,1.2876,2,topk,1,1
997,0.9019,0.0084,446958480,0.001359,0,0,5,4,1,0.9433,1.2876,2,topk,1,1
998,0.8972,0.0081,446958480,0.001356,0,2,5,3,0,1.0297,1.2876,2,topk,1,1
999,0.8987,0.0138,446958480,0.001353,0,0,5,0,5,0.6931,1.2876,2,topk,1,1
